"","confidence","headYaw","headPitch","gazeYaw","gazePitch","filename","ACNo.","画題等","画題２","役名.代.役者","版元文字","版元1","判種","続方向","落款印章","絵師","改印等","西暦","和暦","地域","劇場","外題","外題よみ","所作題","所作題よみ","主外題","系統分類題","所蔵","画中文字","homeURL","SmallImageURL","LargeImageURL","year"
"1",0.525,25.6685092218609,11.6883390206688,-28.9343686541066,23.7204527184161,"arcBK01-0042_36(P)","arcBK01-0042_36(P)","","","","","","中判/錦絵","横","広貞","広貞","",NA,"","","","","","","","","役者絵","立命館ARC","","https://www.dh-jac.net/db/nishikie/results-big.php?f1[]= arcBK01-0042_36(P)","https://www.arc.ritsumei.ac.jp/archive01/theater/th_image/PB/arc/Books/arcBK/arcBK01-0042/arcBK01-0042_36(P).jpg","https://www.arc.ritsumei.ac.jp/archive01/theater/image/PB/arc/Books/arcBK/arcBK01-0042/arcBK01-0042_36(P).jpg",NA
"2",0.875,43.7166797684818,19.6524523729872,-20.6837764042227,19.5378608139611,"arcBK01-0042_73","arcBK01-0042_73","「忠孝武勇伝」","「三七のぶ孝」","","","","中判/錦絵","横","広貞","広貞","－",1849,"嘉永０２","大坂","中","","","","","けいせい石川染","役者絵","立命館ARC","","https://www.dh-jac.net/db/nishikie/results-big.php?f1[]= arcBK01-0042_73","https://www.arc.ritsumei.ac.jp/archive01/theater/th_image/PB/arc/Books/arcBK/arcBK01-0042/arcBK01-0042_73.jpg","https://www.arc.ritsumei.ac.jp/archive01/theater/image/PB/arc/Books/arcBK/arcBK01-0042/arcBK01-0042_73.jpg",1849
"3",0.875,19.2513819163957,11.3445643435903,-20.855663742762,12.547775713365,"arcBK01-0042_74(F)","arcBK01-0042_74(F)","","","","","","中判/錦絵","横","猿雀","猿雀","",NA,"","","","","","","","","役者絵","立命館ARC","","https://www.dh-jac.net/db/nishikie/results-big.php?f1[]= arcBK01-0042_74(F)","https://www.arc.ritsumei.ac.jp/archive01/theater/th_image/PB/arc/Books/arcBK/arcBK01-0042/arcBK01-0042_74(F).jpg","https://www.arc.ritsumei.ac.jp/archive01/theater/image/PB/arc/Books/arcBK/arcBK01-0042/arcBK01-0042_74(F).jpg",NA
"4",0.875,28.3041150794627,18.9649030188302,-26.1268754579655,26.3560585760179,"arcBK01-0043-39","arcBK01-0043-39","「武道名誉伝」","「仁木だん正」","","","","中判/錦絵","横","一樹亭国升画","国升","－",NA,"","","","","","","","","役者絵","立命館ARC","","https://www.dh-jac.net/db/nishikie/results-big.php?f1[]= arcBK01-0043-39","https://www.arc.ritsumei.ac.jp/archive01/theater/th_image/PB/arc/Books/arcBK/arcBK01-0043/arcBK01-0043-39.jpg","https://www.arc.ritsumei.ac.jp/archive01/theater/image/PB/arc/Books/arcBK/arcBK01-0043/arcBK01-0043-39.jpg",NA
"5",0.975,27.9603404023842,42.2269895011417,-23.2620864823114,39.5340878640268,"arcBK01-0044_16","arcBK01-0044_16","「堂しま救入船」","「かまくらや五郎八　三枡源之助」","","","","中判/錦絵","横","芳滝画","芳滝","－",NA,"","","","","","","","","役者絵","立命館ARC","","https://www.dh-jac.net/db/nishikie/results-big.php?f1[]= arcBK01-0044_16","https://www.arc.ritsumei.ac.jp/archive01/theater/th_image/PB/arc/Books/arcBK/arcBK01-0044/arcBK01-0044_16.jpg","https://www.arc.ritsumei.ac.jp/archive01/theater/image/PB/arc/Books/arcBK/arcBK01-0044/arcBK01-0044_16.jpg",NA
"6",0.775,-25.3247345447824,18.105466326134,26.6998332530964,19.0794945778564,"arcBK01-0044_68","arcBK01-0044_68","「色競九重錦」","「おりう」」","","","","中判/錦絵","横","芳滝画","芳滝","－",NA,"","","","","","","","","役者絵","立命館ARC","","https://www.dh-jac.net/db/nishikie/results-big.php?f1[]= arcBK01-0044_68","https://www.arc.ritsumei.ac.jp/archive01/theater/th_image/PB/arc/Books/arcBK/arcBK01-0044/arcBK01-0044_68.jpg","https://www.arc.ritsumei.ac.jp/archive01/theater/image/PB/arc/Books/arcBK/arcBK01-0044/arcBK01-0044_68.jpg",NA
"7",0.025,-12.1467052567735,20.3972975066573,6.93278932108296,11.1726770050511,"arcBK01-0044_73(P)","arcBK01-0044_73(P)","","","","","","中判/錦絵","横","芳滝画","芳滝","",NA,"","","","","","","","","役者絵","立命館ARC","","https://www.dh-jac.net/db/nishikie/results-big.php?f1[]= arcBK01-0044_73(P)","https://www.arc.ritsumei.ac.jp/archive01/theater/th_image/PB/arc/Books/arcBK/arcBK01-0044/arcBK01-0044_73(P).jpg","https://www.arc.ritsumei.ac.jp/archive01/theater/image/PB/arc/Books/arcBK/arcBK01-0044/arcBK01-0044_73(P).jpg",NA
"8",0.875,18.3919452236994,33.9191014717447,-20.2254101681181,36.4401157703204,"arcBK01-0044_73(P)","arcBK01-0044_73(P)","","","","","","中判/錦絵","横","芳滝画","芳滝","",NA,"","","","","","","","","役者絵","立命館ARC","","https://www.dh-jac.net/db/nishikie/results-big.php?f1[]= arcBK01-0044_73(P)","https://www.arc.ritsumei.ac.jp/archive01/theater/th_image/PB/arc/Books/arcBK/arcBK01-0044/arcBK01-0044_73(P).jpg","https://www.arc.ritsumei.ac.jp/archive01/theater/image/PB/arc/Books/arcBK/arcBK01-0044/arcBK01-0044_73(P).jpg",NA
"9",0.825,-45.7220320514397,11.2299727845641,38.7319469508436,21.3713257583797,"arcPC0001-018","arcPC0001-018","「忠臣蔵」","","","","","絵葉書（スカシ絵）","","","","",NA,"","","","","","","","","歌舞伎","立命館ARC","","https://www.dh-jac.net/db/nishikie/results-big.php?f1[]= arcPC0001-018","https://www.arc.ritsumei.ac.jp/archive01/theater/th_image/PB/arc/Postcards/arcPC/arcPC0001/arcPC0001-018.jpg","https://www.arc.ritsumei.ac.jp/archive01/theater/image/PB/arc/Postcards/arcPC/arcPC0001/arcPC0001-018.jpg",NA
"10",0.825,-71.5051328323267,19.9962270500657,46.4668771851098,25.0955514267301,"arcPC0001-020(S)","arcPC0001-020(S)","","","","","","絵葉書","","","","",NA,"","","","","","","","","歌舞伎","立命館ARC","","https://www.dh-jac.net/db/nishikie/results-big.php?f1[]= arcPC0001-020(S)","https://www.arc.ritsumei.ac.jp/archive01/theater/th_image/PB/arc/Postcards/arcPC/arcPC0001/arcPC0001-020(S).jpg","https://www.arc.ritsumei.ac.jp/archive01/theater/image/PB/arc/Postcards/arcPC/arcPC0001/arcPC0001-020(S).jpg",NA
"11",0.875,15.6990435865846,46.3522856260836,-7.96411335231844,47.8992716729368,"arcPC0001-021(S)","arcPC0001-021(S)","","","","","","絵葉書","","","","",NA,"","","","","","","","","歌舞伎","立命館ARC","","https://www.dh-jac.net/db/nishikie/results-big.php?f1[]= arcPC0001-021(S)","https://www.arc.ritsumei.ac.jp/archive01/theater/th_image/PB/arc/Postcards/arcPC/arcPC0001/arcPC0001-021(S).jpg","https://www.arc.ritsumei.ac.jp/archive01/theater/image/PB/arc/Postcards/arcPC/arcPC0001/arcPC0001-021(S).jpg",NA
"12",0.775,-60.561638945328,-34.3774677078494,40.6800034542884,-0.286478897565412,"arcUP0029","arcUP0029","－","","","若、芝神明前、若与板","若狭屋　与市","大判/錦絵","横","豊国画(年玉枠)","豊国〈3〉","浜、馬込、丑五",1853,"嘉永０６","江戸","","","","","","","美人画、京都関連","立命館ARC","","https://www.dh-jac.net/db/nishikie/results-big.php?f1[]= arcUP0029","https://www.arc.ritsumei.ac.jp/archive01/theater/th_image/PB/arc/Prints/arcUP/arcUP0029.jpg","https://www.arc.ritsumei.ac.jp/archive01/theater/image/PB/arc/Prints/arcUP/arcUP0029.jpg",1853
"13",0.875,29.3354391106981,4.01070456591576,-9.51109939917167,13.9801702011921,"arcUP0120(F)","arcUP0120(F)","","","","","","","横","国貞画(年玉枠)","国貞〈2〉","",NA,"","","","","","","","","","立命館ARC","","https://www.dh-jac.net/db/nishikie/results-big.php?f1[]= arcUP0120(F)","https://www.arc.ritsumei.ac.jp/archive01/theater/th_image/PB/arc/Prints/arcUP/arcUP0120(F).jpg","https://www.arc.ritsumei.ac.jp/archive01/theater/image/PB/arc/Prints/arcUP/arcUP0120(F).jpg",NA
"14",0.875,33.6899183536924,45.206370035822,-31.6272702912214,42.6280599577332,"arcUP0159","arcUP0159","「八坂新地　都踊」「中むら宗十良」「三」","","芸妓〈1〉中村　宗十郎","阿波文","阿波屋　文蔵","中判/錦絵","横","芳滝画","芳滝","－",1872,"明治０５","大坂","(見立)","","","","","","役者絵、上方絵、京都関連、芸妓","立命館ARC","","https://www.dh-jac.net/db/nishikie/results-big.php?f1[]= arcUP0159","https://www.arc.ritsumei.ac.jp/archive01/theater/th_image/PB/arc/Prints/arcUP/arcUP0159.jpg","https://www.arc.ritsumei.ac.jp/archive01/theater/image/PB/arc/Prints/arcUP/arcUP0159.jpg",1872
"15",0.875,-26.1841712374786,26.5852416940702,28.1322277409234,30.1375800238813,"arcUP0230","arcUP0230","「石川五右衛門　尾上多見蔵」","","石川五右衛門〈2〉尾上　多見蔵","－","","中判/錦絵","横","芳滝画","芳滝","－",1866,"慶応０２","大坂","角","けいせい石川染","けいせいいしかわぞめ","","","けいせい石川染","役者絵、上方絵","立命館ARC","","https://www.dh-jac.net/db/nishikie/results-big.php?f1[]= arcUP0230","https://www.arc.ritsumei.ac.jp/archive01/theater/th_image/PB/arc/Prints/arcUP/arcUP0230.jpg","https://www.arc.ritsumei.ac.jp/archive01/theater/image/PB/arc/Prints/arcUP/arcUP0230.jpg",1866
"16",0.875,25.038255647217,36.1536368727549,-27.3873826072533,35.5806790776241,"arcUP0232","arcUP0232","「花鳥　鳥」「石川五右衛門　尾上多見蔵」","","石川五右衛門〈2〉尾上　多見蔵","－","","中判/錦絵","横","国員","国員","－",1858,"安政０５","大坂","中","けいせい雪月花","けいせいせつげっか","","","けいせい雪月花","役者絵、上方絵","立命館ARC","","https://www.dh-jac.net/db/nishikie/results-big.php?f1[]= arcUP0232","https://www.arc.ritsumei.ac.jp/archive01/theater/th_image/PB/arc/Prints/arcUP/arcUP0232.jpg","https://www.arc.ritsumei.ac.jp/archive01/theater/image/PB/arc/Prints/arcUP/arcUP0232.jpg",1858
"17",0.875,-47.5554969958583,3.32315521175878,34.0336930307709,16.1001140431761,"arcUP0247","arcUP0247","「若井筒延三」「一」","","若井筒延三〈2〉実川　延三郎","－","","中判/錦絵","横","芳滝画","芳滝","－",1865,"慶応０１","大坂","(見立)","","","","","","役者絵、上方絵","立命館ARC","","https://www.dh-jac.net/db/nishikie/results-big.php?f1[]= arcUP0247","https://www.arc.ritsumei.ac.jp/archive01/theater/th_image/PB/arc/Prints/arcUP/arcUP0247.jpg","https://www.arc.ritsumei.ac.jp/archive01/theater/image/PB/arc/Prints/arcUP/arcUP0247.jpg",1865
"18",0.925,65.1453013063746,-13.7509870831398,-28.1895235204365,2.52101429857562,"arcUP0278","arcUP0278","「時桔梗出世請状」","「女房八重　荻野扇女」","女房八重〈1〉荻野　扇女","－","","中判/錦絵","横","芳滝画","芳滝","－",1865,"慶応０１","大坂","堀江","時桔梗出世請状","ときはいましゅっせのうけじょう","","","時桔梗出世請状","役者絵、上方絵","立命館ARC","","https://www.dh-jac.net/db/nishikie/results-big.php?f1[]= arcUP0278","https://www.arc.ritsumei.ac.jp/archive01/theater/th_image/PB/arc/Prints/arcUP/arcUP0278.jpg","https://www.arc.ritsumei.ac.jp/archive01/theater/image/PB/arc/Prints/arcUP/arcUP0278.jpg",1865
"19",0.875,33.403439456127,56.4363428203861,-40.2216372181838,48.3003421295284,"arcUP0283","arcUP0283","「袖浦故郷錦」「☆房の　市川筆之助」","","☆房の〈　〉市川　筆之助","－","","中判/錦絵","横","小信画","貞信〈2〉","－",1866,"慶応０２","大坂","堀江","袖浦故郷錦","そでがうらこきょうのにしき","","","姉妹達大礎","役者絵、上方絵","立命館ARC","","https://www.dh-jac.net/db/nishikie/results-big.php?f1[]= arcUP0283","https://www.arc.ritsumei.ac.jp/archive01/theater/th_image/PB/arc/Prints/arcUP/arcUP0283.jpg","https://www.arc.ritsumei.ac.jp/archive01/theater/image/PB/arc/Prints/arcUP/arcUP0283.jpg",1866
"20",0.875,-65.0307097473484,-12.4904799338519,50.0192155149209,6.76090198254371,"arcUP0284","arcUP0284","「木浦新吾　片岡我当」","","木浦新吾〈2〉片岡　我当","－","","中判/錦絵","横","小信画","貞信〈2〉","－",1866,"慶応０２","大坂","堀江","袖浦故郷錦","そでがうらこきょうのにしき","","","姉妹達大礎","役者絵、上方絵","立命館ARC","","https://www.dh-jac.net/db/nishikie/results-big.php?f1[]= arcUP0284","https://www.arc.ritsumei.ac.jp/archive01/theater/th_image/PB/arc/Prints/arcUP/arcUP0284.jpg","https://www.arc.ritsumei.ac.jp/archive01/theater/image/PB/arc/Prints/arcUP/arcUP0284.jpg",1866
"21",0.875,34.4920592668756,39.1903131869483,-22.4026497896152,34.4347634873625,"arcUP0290","arcUP0290","「五常の内　仁」「頼兼　中村翫雀」","","頼兼〈3〉中村　翫雀","－","","中判/錦絵","横","宗広画","宗広","－",1866,"慶応０２","大坂","堀江","伊達競阿国戯場","だてくらべおくにかぶき","","","伊達競阿国戯場","役者絵、上方絵","立命館ARC","","https://www.dh-jac.net/db/nishikie/results-big.php?f1[]= arcUP0290","https://www.arc.ritsumei.ac.jp/archive01/theater/th_image/PB/arc/Prints/arcUP/arcUP0290.jpg","https://www.arc.ritsumei.ac.jp/archive01/theater/image/PB/arc/Prints/arcUP/arcUP0290.jpg",1866
"22",0.925,29.7938053468028,27.2154952687141,-19.1940861368826,26.9290163711487,"arcUP0307","arcUP0307","「大経師むかし暦」","「ずぼらの伝吉　中村雀右衛門」「壱」","ずぼらの伝吉〈1〉中村　雀右衛門","－","","中判/錦絵","横","芳滝画","芳滝","－",1866,"慶応０２","大坂","中","大経師昔暦","だいきょうじむかしごよみ","","","傾城会稽山","役者絵、上方絵","立命館ARC","","https://www.dh-jac.net/db/nishikie/results-big.php?f1[]= arcUP0307","https://www.arc.ritsumei.ac.jp/archive01/theater/th_image/PB/arc/Prints/arcUP/arcUP0307.jpg","https://www.arc.ritsumei.ac.jp/archive01/theater/image/PB/arc/Prints/arcUP/arcUP0307.jpg",1866
"23",0.825,34.1482845897971,38.3881722737652,-31.7418618502476,35.0650170620064,"arcUP0309","arcUP0309","「三」「下女お玉　荻野扇女」","","下女お玉〈1〉荻野　扇女","－","","中判/錦絵","横","芳滝画","芳滝","－",1866,"慶応０２","大坂","中","大経師昔暦","だいきょうじむかしごよみ","","","傾城会稽山","役者絵、上方絵","立命館ARC","","https://www.dh-jac.net/db/nishikie/results-big.php?f1[]= arcUP0309","https://www.arc.ritsumei.ac.jp/archive01/theater/th_image/PB/arc/Prints/arcUP/arcUP0309.jpg","https://www.arc.ritsumei.ac.jp/archive01/theater/image/PB/arc/Prints/arcUP/arcUP0309.jpg",1866
"24",0.875,-15.4698604685322,-4.5263665815335,7.27656399816146,0,"arcUP0375","arcUP0375","「熊谷直実　中村芝翫」「石屋弥陀六　中村仲蔵」「妻さがみ　坂東三ツ五郎」","","妻さがみ〈6〉坂東　三津五郎","文、辻文板、よこ山町三丁目","辻岡屋　文助","大判/錦絵","横","豊原国周筆(年玉印)","国周","壬申七",1872,"明治０５","東京","中村","源平魁荘子","げんぺいさきがけそうし","","","源平魁荘子","役者絵","立命館ARC","","https://www.dh-jac.net/db/nishikie/results-big.php?f1[]= arcUP0375","https://www.arc.ritsumei.ac.jp/archive01/theater/th_image/PB/arc/Prints/arcUP/arcUP0375.jpg","https://www.arc.ritsumei.ac.jp/archive01/theater/image/PB/arc/Prints/arcUP/arcUP0375.jpg",1872
"25",0.025,8.65166270647543,-15.4698604685322,-1.31780292880089,-12.0894094772604,"arcUP0488","arcUP0488","「簸上宮六」「八犬伝犬の草紙の内」","","簸上宮六〈1〉中村　翫太郎","－","蔦屋　吉蔵","大判/錦絵","横","国貞画(年玉枠)","国貞〈2〉","衣笠、村田、子十二",1852,"嘉永０５","江戸","(見立)","","","","","","八犬伝","立命館ARC","","https://www.dh-jac.net/db/nishikie/results-big.php?f1[]= arcUP0488","https://www.arc.ritsumei.ac.jp/archive01/theater/th_image/PB/arc/Prints/arcUP/arcUP0488.jpg","https://www.arc.ritsumei.ac.jp/archive01/theater/image/PB/arc/Prints/arcUP/arcUP0488.jpg",1852
"26",0.925,32.4294112044046,8.07870491134461,-27.1009037096879,23.6058611593899,"arcUP0488","arcUP0488","「簸上宮六」「八犬伝犬の草紙の内」","","簸上宮六〈1〉中村　翫太郎","－","蔦屋　吉蔵","大判/錦絵","横","国貞画(年玉枠)","国貞〈2〉","衣笠、村田、子十二",1852,"嘉永０５","江戸","(見立)","","","","","","八犬伝","立命館ARC","","https://www.dh-jac.net/db/nishikie/results-big.php?f1[]= arcUP0488","https://www.arc.ritsumei.ac.jp/archive01/theater/th_image/PB/arc/Prints/arcUP/arcUP0488.jpg","https://www.arc.ritsumei.ac.jp/archive01/theater/image/PB/arc/Prints/arcUP/arcUP0488.jpg",1852
"27",0.825,-22.0588751125367,9.3965078401455,21.4859173174059,11.5737474616426,"arcUP0500(F)","arcUP0500(F)","","","","","","","横","国貞画(年玉枠)","国貞〈2〉","",NA,"","","","","","","","","","立命館ARC","","https://www.dh-jac.net/db/nishikie/results-big.php?f1[]= arcUP0500(F)","https://www.arc.ritsumei.ac.jp/archive01/theater/th_image/PB/arc/Prints/arcUP/arcUP0500(F).jpg","https://www.arc.ritsumei.ac.jp/archive01/theater/image/PB/arc/Prints/arcUP/arcUP0500(F).jpg",NA
"28",0.875,46.2949898465705,23.3193822618245,-32.5440027634308,26.413354355531,"arcUP0501","arcUP0501","「汐入堤の場　寺西閑心実ハ白井弥市　尾上菊五郎　三うらやの小紫実ハ助太夫娘八重梅　河原崎国太郎」","","寺西閑心実ハ白井弥市〈5〉尾上　菊五郎","人形町　具足屋","","大判/錦絵","横","豊原国周筆(年玉印)","国周","酉十",1873,"明治０６","東京","村山","尾花比翼碑","はなさくらぎひよくのいしぶみはなさくらぎひよくのいしぶみ","","","増補桃山譚","役者絵","立命館ARC","","https://www.dh-jac.net/db/nishikie/results-big.php?f1[]= arcUP0501","https://www.arc.ritsumei.ac.jp/archive01/theater/th_image/PB/arc/Prints/arcUP/arcUP0501.jpg","https://www.arc.ritsumei.ac.jp/archive01/theater/image/PB/arc/Prints/arcUP/arcUP0501.jpg",1873
"29",0.225,3.26585943224569,44.9771869177696,-5.21391593569049,35.5806790776241,"arcUP0579","arcUP0579","「小性吉三良　あらし小六」「恋緋纈」","","小性吉三良〈4〉嵐　小六","綿喜","綿屋　喜兵衛","細判/合羽摺","横","長秀画","長秀","－",1821,"文政０４","大坂","中","其昔恋緋纈","そのむかしこいのひがのこ","","","木下蔭狭間合戦","上方絵、合羽摺","立命館ARC","","https://www.dh-jac.net/db/nishikie/results-big.php?f1[]= arcUP0579","https://www.arc.ritsumei.ac.jp/archive01/theater/th_image/PB/arc/Prints/arcUP/arcUP0579.jpg","https://www.arc.ritsumei.ac.jp/archive01/theater/image/PB/arc/Prints/arcUP/arcUP0579.jpg",1821
"30",0.875,17.2460296334378,37.7006229196082,-9.96946563527632,34.2055803693101,"arcUP0579","arcUP0579","「小性吉三良　あらし小六」「恋緋纈」","","小性吉三良〈4〉嵐　小六","綿喜","綿屋　喜兵衛","細判/合羽摺","横","長秀画","長秀","－",1821,"文政０４","大坂","中","其昔恋緋纈","そのむかしこいのひがのこ","","","木下蔭狭間合戦","上方絵、合羽摺","立命館ARC","","https://www.dh-jac.net/db/nishikie/results-big.php?f1[]= arcUP0579","https://www.arc.ritsumei.ac.jp/archive01/theater/th_image/PB/arc/Prints/arcUP/arcUP0579.jpg","https://www.arc.ritsumei.ac.jp/archive01/theater/image/PB/arc/Prints/arcUP/arcUP0579.jpg",1821
"31",0.875,-33.5753267946662,9.28191628111934,25.1528472062431,11.1726770050511,"arcUP0848","arcUP0848","「能楽図絵」","「敦盛」","","東京市日本橋区吉川町二番地　松木平吉","松木　平吉","大判/錦絵","横","耕漁","耕漁","明治三十四年四月一日印刷仝年仝月五日発行",1901,"明治３４","東京","","","","","","","能楽","立命館ARC","","https://www.dh-jac.net/db/nishikie/results-big.php?f1[]= arcUP0848","https://www.arc.ritsumei.ac.jp/archive01/theater/th_image/PB/arc/Prints/arcUP/arcUP0848.jpg","https://www.arc.ritsumei.ac.jp/archive01/theater/image/PB/arc/Prints/arcUP/arcUP0848.jpg",1901
"32",0.975,-22.5745371281544,16.673071838307,16.5584802792808,18.1627621056471,"arcUP0909","arcUP0909","「能楽図絵」","「箙」","","日本橋区吉川町二番地　松木平吉","松木　平吉","大判/錦絵","横","耕漁","耕漁","明治三十四年七月十日印刷仝年仝月十五日発行",1901,"明治３４","東京","","","","","","","能楽","立命館ARC","","https://www.dh-jac.net/db/nishikie/results-big.php?f1[]= arcUP0909","https://www.arc.ritsumei.ac.jp/archive01/theater/th_image/PB/arc/Prints/arcUP/arcUP0909.jpg","https://www.arc.ritsumei.ac.jp/archive01/theater/image/PB/arc/Prints/arcUP/arcUP0909.jpg",1901
"33",0.925,-0.74484513367007,20.1108186090919,2.69290163711487,18.5065367827256,"arcUP0995","arcUP0995","「能楽図絵」","「狂言　末広カリ」","","日本橋区吉川町二番地　松木平吉","松木　平吉","大判/錦絵","横","耕漁","耕漁","明治三十三年十一月一日印刷仝年仝月五日発行",1900,"明治３３","東京","","","","","","","能楽","立命館ARC","","https://www.dh-jac.net/db/nishikie/results-big.php?f1[]= arcUP0995","https://www.arc.ritsumei.ac.jp/archive01/theater/th_image/PB/arc/Prints/arcUP/arcUP0995.jpg","https://www.arc.ritsumei.ac.jp/archive01/theater/image/PB/arc/Prints/arcUP/arcUP0995.jpg",1900
"34",0.025,-17.0741422948985,-14.5531279963229,16.0428182636631,-5.72957795130823,"arcUP0995","arcUP0995","「能楽図絵」","「狂言　末広カリ」","","日本橋区吉川町二番地　松木平吉","松木　平吉","大判/錦絵","横","耕漁","耕漁","明治三十三年十一月一日印刷仝年仝月五日発行",1900,"明治３３","東京","","","","","","","能楽","立命館ARC","","https://www.dh-jac.net/db/nishikie/results-big.php?f1[]= arcUP0995","https://www.arc.ritsumei.ac.jp/archive01/theater/th_image/PB/arc/Prints/arcUP/arcUP0995.jpg","https://www.arc.ritsumei.ac.jp/archive01/theater/image/PB/arc/Prints/arcUP/arcUP0995.jpg",1900
"35",0.875,29.6792137877766,37.3568482425297,-22.4026497896152,28.9343686541066,"arcUP1020","arcUP1020","「能楽図絵」","「女郎花」","","日本橋区吉川町二番地　松木平吉","松木　平吉","大判/錦絵","横","耕漁(湖畔印)","耕漁","明治三十二年十一月五日印刷仝年仝月十五日発行",1899,"明治３２","東京","","","","","","","能楽","立命館ARC","","https://www.dh-jac.net/db/nishikie/results-big.php?f1[]= arcUP1020","https://www.arc.ritsumei.ac.jp/archive01/theater/th_image/PB/arc/Prints/arcUP/arcUP1020.jpg","https://www.arc.ritsumei.ac.jp/archive01/theater/image/PB/arc/Prints/arcUP/arcUP1020.jpg",1899
"36",0.875,40.4508203362361,37.8152144786343,-36.6120031088596,39.5913836435399,"arcUP1052","arcUP1052","「大谷友右衛門」","","〈2〉大谷　友右衛門","－","鶴屋　金助","大判/錦絵","横","豊国画","豊国〈1〉","極、十二",1805,"文化０２","江戸","中村","","","","","","役者絵","立命館ARC","","https://www.dh-jac.net/db/nishikie/results-big.php?f1[]= arcUP1052","https://www.arc.ritsumei.ac.jp/archive01/theater/th_image/PB/arc/Prints/arcUP/arcUP1052.jpg","https://www.arc.ritsumei.ac.jp/archive01/theater/image/PB/arc/Prints/arcUP/arcUP1052.jpg",1805
"37",0.925,-40.5654118952623,8.70895848598851,32.71589010197,18.7357199007779,"arcUP1112","arcUP1112","「由良之助　嵐雛助」","","由良之助〈7〉嵐　雛助","－","","中判/錦絵","横","－","無款","－",1870,"明治０３","大坂","筑後","","","","","","忠臣蔵、七段目、上方絵","立命館ARC","","https://www.dh-jac.net/db/nishikie/results-big.php?f1[]= arcUP1112","https://www.arc.ritsumei.ac.jp/archive01/theater/th_image/PB/arc/Prints/arcUP/arcUP1112.jpg","https://www.arc.ritsumei.ac.jp/archive01/theater/image/PB/arc/Prints/arcUP/arcUP1112.jpg",1870
"38",0.875,38.3881722737652,15.2406773504799,-30.9397209370645,21.7723962149713,"arcUP1152","arcUP1152","「仮名手本　忠臣蔵　三段目」「こし元おかる」","","こし元おかる〈3〉沢村　田之助","馬喰四木屋板","木屋　宗次郎","大判/錦絵","横","国貞画(年玉印)","国貞〈2〉","寅八改",1866,"慶応０２","江戸","中村","仮名手本忠臣蔵","かなでほんちゅうしんぐら","","","仮名手本忠臣蔵","忠臣蔵、三段目","立命館ARC","","https://www.dh-jac.net/db/nishikie/results-big.php?f1[]= arcUP1152","https://www.arc.ritsumei.ac.jp/archive01/theater/th_image/PB/arc/Prints/arcUP/arcUP1152.jpg","https://www.arc.ritsumei.ac.jp/archive01/theater/image/PB/arc/Prints/arcUP/arcUP1152.jpg",1866
"39",0.725,-21.4859173174059,45.0344826972827,13.8082828626528,35.4087917390849,"arcUP1307","arcUP1307","「桃の井わかさ之介」","","桃の井わかさ之介〈1〉河原崎　権十郎","十一、丸久","丸屋　久四郎","大判/錦絵","横","豊国画(年玉枠)","豊国〈3〉","未九改",1859,"安政０６","江戸","市村","仮名手本忠臣蔵","かなでほんちゅうしんぐら","","","仮名手本忠臣蔵","忠臣蔵、三段目","立命館ARC","","https://www.dh-jac.net/db/nishikie/results-big.php?f1[]= arcUP1307","https://www.arc.ritsumei.ac.jp/archive01/theater/th_image/PB/arc/Prints/arcUP/arcUP1307.jpg","https://www.arc.ritsumei.ac.jp/archive01/theater/image/PB/arc/Prints/arcUP/arcUP1307.jpg",1859
"40",0.025,-57.5249626311346,-28.7624813155673,34.2628761488232,-12.3758883748258,"arcUP1307","arcUP1307","「桃の井わかさ之介」","","桃の井わかさ之介〈1〉河原崎　権十郎","十一、丸久","丸屋　久四郎","大判/錦絵","横","豊国画(年玉枠)","豊国〈3〉","未九改",1859,"安政０６","江戸","市村","仮名手本忠臣蔵","かなでほんちゅうしんぐら","","","仮名手本忠臣蔵","忠臣蔵、三段目","立命館ARC","","https://www.dh-jac.net/db/nishikie/results-big.php?f1[]= arcUP1307","https://www.arc.ritsumei.ac.jp/archive01/theater/th_image/PB/arc/Prints/arcUP/arcUP1307.jpg","https://www.arc.ritsumei.ac.jp/archive01/theater/image/PB/arc/Prints/arcUP/arcUP1307.jpg",1859
"41",0.875,-23.7204527184161,0.687549354156988,24.5798894111123,4.41177502250734,"arcUP1690","arcUP1690","「三吉　浅尾小玉」","","三吉〈〉浅尾　小玉","","","小判/押絵","横","－","－","－",NA,"","","","","","","","","上方絵、押絵","立命館ARC","","https://www.dh-jac.net/db/nishikie/results-big.php?f1[]= arcUP1690","https://www.arc.ritsumei.ac.jp/archive01/theater/th_image/PB/arc/Prints/arcUP/arcUP1690.jpg","https://www.arc.ritsumei.ac.jp/archive01/theater/image/PB/arc/Prints/arcUP/arcUP1690.jpg",NA
"42",0.825,69.3278932108296,-45.7793278309528,-33.0596647790485,-14.2666490987575,"arcUP1932","arcUP1932","－","","","－","長谷川　常次郎","大判/錦絵","横","－","周延","－",1897,"明治３０","東京","","","","","","","美人画","立命館ARC","","https://www.dh-jac.net/db/nishikie/results-big.php?f1[]= arcUP1932","https://www.arc.ritsumei.ac.jp/archive01/theater/th_image/PB/arc/Prints/arcUP/arcUP1932.jpg","https://www.arc.ritsumei.ac.jp/archive01/theater/image/PB/arc/Prints/arcUP/arcUP1932.jpg",1897
"43",0.975,-27.3873826072533,19.2513819163957,24.5798894111123,24.6371851906254,"arcUP1933","arcUP1933","－","","","－","長谷川　常次郎","大判/錦絵","横","－","周延","－",1897,"明治３０","東京","","","","","","","美人画","立命館ARC","","https://www.dh-jac.net/db/nishikie/results-big.php?f1[]= arcUP1933","https://www.arc.ritsumei.ac.jp/archive01/theater/th_image/PB/arc/Prints/arcUP/arcUP1933.jpg","https://www.arc.ritsumei.ac.jp/archive01/theater/image/PB/arc/Prints/arcUP/arcUP1933.jpg",1897
"44",0.975,-80.2713870978283,-88.1209088911206,46.9252434212144,1.66157760587939,"arcUP1947","arcUP1947","「雪月花」","「武州　石浜の月　対牛楼　犬坂毛野」","","小林鉄次郎","小林　鉄次郎","大判/錦絵","横","揚州周延筆(年玉印)","周延","御届明治十八年三月十一日",NA,"","","","","","","","","八犬伝","立命館ARC","","https://www.dh-jac.net/db/nishikie/results-big.php?f1[]= arcUP1947","https://www.arc.ritsumei.ac.jp/archive01/theater/th_image/PB/arc/Prints/arcUP/arcUP1947.jpg","https://www.arc.ritsumei.ac.jp/archive01/theater/image/PB/arc/Prints/arcUP/arcUP1947.jpg",NA
"45",0.025,66.4631042351755,78.7244010509751,-43.3729050914033,45.206370035822,"arcUP1947","arcUP1947","「雪月花」","「武州　石浜の月　対牛楼　犬坂毛野」","","小林鉄次郎","小林　鉄次郎","大判/錦絵","横","揚州周延筆(年玉印)","周延","御届明治十八年三月十一日",NA,"","","","","","","","","八犬伝","立命館ARC","","https://www.dh-jac.net/db/nishikie/results-big.php?f1[]= arcUP1947","https://www.arc.ritsumei.ac.jp/archive01/theater/th_image/PB/arc/Prints/arcUP/arcUP1947.jpg","https://www.arc.ritsumei.ac.jp/archive01/theater/image/PB/arc/Prints/arcUP/arcUP1947.jpg",NA
"46",0.875,24.7517767496516,24.2361147340338,-17.1887338539247,26.8144248121225,"arcUP2069","arcUP2069","「犬塚伴作」","","犬塚伴作〈4〉三枡　大五郎","","","中判/錦絵","横","広貞(広貞印)","広貞","－",1852,"嘉永０５","大坂","筑後","花魁莟八総","はなあにつぼみのやつふさ","","","花魁莟八総","八犬伝、上方絵","立命館ARC","","https://www.dh-jac.net/db/nishikie/results-big.php?f1[]= arcUP2069","https://www.arc.ritsumei.ac.jp/archive01/theater/th_image/PB/arc/Prints/arcUP/arcUP2069.jpg","https://www.arc.ritsumei.ac.jp/archive01/theater/image/PB/arc/Prints/arcUP/arcUP2069.jpg",1852
"47",0.675,88.2355004501468,135.905589005031,-51.8526804593395,6.58901464400447,"arcUP2070","arcUP2070","「菊童子　嵐璃☆」","","菊童子〈2〉嵐　璃☆","－","","中判/錦絵","横","芦野家広信","広信","－",1862,"文久０２","大坂","筑後","敵討巌流島","かたきうちがんりゅうじま","乱菊枕慈童","らんぎくまくらじどう","敵討巌流島","上方絵","立命館ARC","","https://www.dh-jac.net/db/nishikie/results-big.php?f1[]= arcUP2070","https://www.arc.ritsumei.ac.jp/archive01/theater/th_image/PB/arc/Prints/arcUP/arcUP2070.jpg","https://www.arc.ritsumei.ac.jp/archive01/theater/image/PB/arc/Prints/arcUP/arcUP2070.jpg",1862
"48",0.025,-47.1544265392667,24.5798894111123,24.9236640881908,29.4500306697243,"arcUP2070","arcUP2070","「菊童子　嵐璃☆」","","菊童子〈2〉嵐　璃☆","－","","中判/錦絵","横","芦野家広信","広信","－",1862,"文久０２","大坂","筑後","敵討巌流島","かたきうちがんりゅうじま","乱菊枕慈童","らんぎくまくらじどう","敵討巌流島","上方絵","立命館ARC","","https://www.dh-jac.net/db/nishikie/results-big.php?f1[]= arcUP2070","https://www.arc.ritsumei.ac.jp/archive01/theater/th_image/PB/arc/Prints/arcUP/arcUP2070.jpg","https://www.arc.ritsumei.ac.jp/archive01/theater/image/PB/arc/Prints/arcUP/arcUP2070.jpg",1862
"49",0.975,-85.7144861515712,-173.205141468048,49.1597788222246,19.0221987983433,"arcUP2071","arcUP2071","「百眼米吉　嵐璃☆」","","百眼米吉〈2〉嵐　璃☆","－","","中判/錦絵","横","芦野家広信","広信","－",1862,"文久０２","大坂","筑後","敵討巌流島","かたきうちがんりゅうじま","乱菊枕慈童","らんぎくまくらじどう","敵討巌流島","上方絵","立命館ARC","","https://www.dh-jac.net/db/nishikie/results-big.php?f1[]= arcUP2071","https://www.arc.ritsumei.ac.jp/archive01/theater/th_image/PB/arc/Prints/arcUP/arcUP2071.jpg","https://www.arc.ritsumei.ac.jp/archive01/theater/image/PB/arc/Prints/arcUP/arcUP2071.jpg",1862
"50",0.775,37.3568482425297,31.9137491887869,-34.4920592668756,23.3766780413376,"arcUP2149","arcUP2149","「大日本六十余州」","「筑前」「かんしやう正」","かんしやう正〈8〉片岡　仁左衛門","石和","石川屋　和助","中判/錦絵(横)","横","国員","国員","",NA,"","大坂","(見立)","菅原伝授手習鑑","すがわらでんじゅてならいかがみ","","","","役者絵、大日本六十余州","立命館ARC","","https://www.dh-jac.net/db/nishikie/results-big.php?f1[]= arcUP2149","https://www.arc.ritsumei.ac.jp/archive01/theater/th_image/PB/arc/Prints/arcUP/arcUP2149.jpg","https://www.arc.ritsumei.ac.jp/archive01/theater/image/PB/arc/Prints/arcUP/arcUP2149.jpg",NA
"51",0.875,26.470650135044,10.5424234304071,-18.2200578851602,4.75554969958583,"arcUP2153","arcUP2153","「大日本六十余州」","「肥前」「伝七」","伝七〈2〉嵐　璃☆","－","","中判/錦絵(横)","横","国員","国員","",NA,"","大坂","(見立)","拳褌廓大通","けんまわしくるわのだいつう","","","","役者絵、大日本六十余州","立命館ARC","","https://www.dh-jac.net/db/nishikie/results-big.php?f1[]= arcUP2153","https://www.arc.ritsumei.ac.jp/archive01/theater/th_image/PB/arc/Prints/arcUP/arcUP2153.jpg","https://www.arc.ritsumei.ac.jp/archive01/theater/image/PB/arc/Prints/arcUP/arcUP2153.jpg",NA
"52",0.725,-23.0901991437722,24.4080020725731,15.98552248415,22.3453540101021,"arcUP2434","arcUP2434","「小野ノ篁」","","小野ノ篁〈1〉実川　延三郎","－","","中判/錦絵","横","広貞","広貞","－",1849,"嘉永０２","大坂","中","競伊勢物語","はなくらべいせものがたり","","","","上方絵、伊勢物語","立命館ARC","","https://www.dh-jac.net/db/nishikie/results-big.php?f1[]= arcUP2434","https://www.arc.ritsumei.ac.jp/archive01/theater/th_image/PB/arc/Prints/arcUP/arcUP2434.jpg","https://www.arc.ritsumei.ac.jp/archive01/theater/image/PB/arc/Prints/arcUP/arcUP2434.jpg",1849
"53",0.875,22.6318329076675,25.9549881194263,-17.5325085310032,25.8403965604001,"arcUP2447","arcUP2447","「高名武勇伝」","「菅ぬま小助」","菅ぬま小助〈1〉片岡　市蔵","飯田","飯田吉","中判/錦絵","横","広貞","広貞","－",1848,"嘉永０１","大坂","中","東都産伊達雛形","あずまみやげだてのひながた","","","","上方絵","立命館ARC","","https://www.dh-jac.net/db/nishikie/results-big.php?f1[]= arcUP2447","https://www.arc.ritsumei.ac.jp/archive01/theater/th_image/PB/arc/Prints/arcUP/arcUP2447.jpg","https://www.arc.ritsumei.ac.jp/archive01/theater/image/PB/arc/Prints/arcUP/arcUP2447.jpg",1848
"54",0.775,33.5753267946662,27.9030446228711,-22.3453540101021,25.4393261038086,"arcUP2452","arcUP2452","「木津勘助」","","木津勘助〈1〉実川　延三郎","－","","中判/錦絵","横","広貞","広貞","－",1849,"嘉永０２","大坂","中","棹歌木津川八景","さおのうたきづがわはっけい","","","","役者絵","立命館ARC","","https://www.dh-jac.net/db/nishikie/results-big.php?f1[]= arcUP2452","https://www.arc.ritsumei.ac.jp/archive01/theater/th_image/PB/arc/Prints/arcUP/arcUP2452.jpg","https://www.arc.ritsumei.ac.jp/archive01/theater/image/PB/arc/Prints/arcUP/arcUP2452.jpg",1849
"55",0.875,-22.5745371281544,3.60963410932419,8.93814160404084,7.62033867523995,"arcUP3000","arcUP3000","「東海道土山水口間　おほの　定九郎」","","定九郎〈3〉嵐　吉三郎","玉惣","玉屋　惣助","大判/錦絵","横","豊国画(年玉枠)","豊国〈3〉","浜、馬込、子九",1852,"嘉永０５","江戸","","","","","","","忠臣蔵、五段目、山崎街道","立命館ARC","","https://www.dh-jac.net/db/nishikie/results-big.php?f1[]= arcUP3000","https://www.arc.ritsumei.ac.jp/archive01/theater/th_image/PB/arc/Prints/arcUP/arcUP3000.jpg","https://www.arc.ritsumei.ac.jp/archive01/theater/image/PB/arc/Prints/arcUP/arcUP3000.jpg",1852
"56",0.875,29.6792137877766,33.6899183536924,-31.0543124960906,38.6173553918175,"arcUP3050","arcUP3050","「少将宗貞」","","少将宗貞〈7〉嵐　雛助","板元、井筒屋","井筒屋","大判/錦絵","横","豊国画(年玉枠)","豊国〈3〉","申十一改",1860,"万延０１","江戸","守田","積恋雪関扉","つもるこいゆきのせきのと","積恋雪関扉","つもるこいゆきのせきのと","太鼓櫓恵礎","役者絵、関の扉","立命館ARC","","https://www.dh-jac.net/db/nishikie/results-big.php?f1[]= arcUP3050","https://www.arc.ritsumei.ac.jp/archive01/theater/th_image/PB/arc/Prints/arcUP/arcUP3050.jpg","https://www.arc.ritsumei.ac.jp/archive01/theater/image/PB/arc/Prints/arcUP/arcUP3050.jpg",1860
"57",0.475,18.1627621056471,32.7731858814831,-10.1986487533287,33.9191014717447,"arcUP3058","arcUP3058","「左近太郎」「坂東彦三郎」","","左近太郎〈5〉坂東　彦三郎","板元、井筒屋","井筒屋","大判/錦絵","横","国周画(年玉印)","国周","丑十改",1865,"慶応０１","江戸","市村","芦屋道満大内鑑","あしやどうまんおおうちかがみ","","","芦屋道満大内鑑","葛の葉、保名","立命館ARC","","https://www.dh-jac.net/db/nishikie/results-big.php?f1[]= arcUP3058","https://www.arc.ritsumei.ac.jp/archive01/theater/th_image/PB/arc/Prints/arcUP/arcUP3058.jpg","https://www.arc.ritsumei.ac.jp/archive01/theater/image/PB/arc/Prints/arcUP/arcUP3058.jpg",1865
"58",0.675,27.2727910482272,21.8296919944844,-17.4752127514901,19.0794945778564,"arcUP3167","arcUP3167","「五郎兵衛　中村亀太郎」「主膳　市川左団次」","","五郎兵衛〈　〉中村　亀太郎、主膳〈1〉市川　左団次","吉、両国、加ゝや","加賀屋　吉右衛門","大判/錦絵","横","芳幾画","芳幾","寅二改",1866,"慶応０２","江戸","守田","梅柳軒朧夜","うめやなぎのきのおぼろよ","","","富治三升扇曽我","役者絵","立命館ARC","","https://www.dh-jac.net/db/nishikie/results-big.php?f1[]= arcUP3167","https://www.arc.ritsumei.ac.jp/archive01/theater/th_image/PB/arc/Prints/arcUP/arcUP3167.jpg","https://www.arc.ritsumei.ac.jp/archive01/theater/image/PB/arc/Prints/arcUP/arcUP3167.jpg",1866
"59",0.975,-54.8893567735329,1.9480565034448,26.5852416940702,18.4492410032125,"arcUP3168","arcUP3168","「くりから伝次　大谷友右衛門」","","くりから伝次〈5〉大谷　友右衛門","","加賀屋　吉右衛門","大判/錦絵","横","芳幾画","芳幾","寅二改",1866,"慶応０２","江戸","守田","梅柳軒朧夜","うめやなぎのきのおぼろよ","","","富治三升扇曽我","役者絵","立命館ARC","","https://www.dh-jac.net/db/nishikie/results-big.php?f1[]= arcUP3168","https://www.arc.ritsumei.ac.jp/archive01/theater/th_image/PB/arc/Prints/arcUP/arcUP3168.jpg","https://www.arc.ritsumei.ac.jp/archive01/theater/image/PB/arc/Prints/arcUP/arcUP3168.jpg",1866
"60",0.825,76.0887951933733,-11.2299727845641,-40.4508203362361,-3.26585943224569,"arcUP3192","arcUP3192","「なそ合三十六句」","「新左衛門」","新左衛門〈5〉大谷　友右衛門","人形町、具足屋","具足屋　嘉兵衛","大判/錦絵","横","国周筆(年玉印)","国周","卯三改",1867,"慶応０３","江戸","","","","","","","役者絵、見立絵","立命館ARC","「新左衛門トかけて　牛頭天王の宮トとく」「心は鳥居は巴紋　久松丁明人」","https://www.dh-jac.net/db/nishikie/results-big.php?f1[]= arcUP3192","https://www.arc.ritsumei.ac.jp/archive01/theater/th_image/PB/arc/Prints/arcUP/arcUP3192.jpg","https://www.arc.ritsumei.ac.jp/archive01/theater/image/PB/arc/Prints/arcUP/arcUP3192.jpg",1867
"61",0.575,-4.58366236104659,13.1207335084959,-0.229183118052329,16.2720013817154,"arcUP3348","arcUP3348","「堂島救入船」","「嶽門庄兵へ　嵐吉三郎」","嶽門庄兵へ〈3〉嵐　吉三郎","－","","中判/錦絵","横","芳滝画","芳滝","－",1862,"文久０２","大坂","中","堂島救入浜","おとこいっぴきすくいのたてひき","","","","上方絵、獄門庄兵衛、黒船忠右衛門","立命館ARC","","https://www.dh-jac.net/db/nishikie/results-big.php?f1[]= arcUP3348","https://www.arc.ritsumei.ac.jp/archive01/theater/th_image/PB/arc/Prints/arcUP/arcUP3348.jpg","https://www.arc.ritsumei.ac.jp/archive01/theater/image/PB/arc/Prints/arcUP/arcUP3348.jpg",1862
"62",0.025,10.427831871381,18.9649030188302,-11.0007896665118,19.480565034448,"arcUP3353","arcUP3353","「梅王丸　実川延三郎」","","梅王丸〈1〉実川　延三郎","錦鯱堂","","中判/錦絵","横","国員","国員","－",1859,"安政０６","大坂","中","菅原伝授手習鑑","すがわらでんじゅてならいかがみ","","","","上方絵、菅原伝授手習鑑","立命館ARC","","https://www.dh-jac.net/db/nishikie/results-big.php?f1[]= arcUP3353","https://www.arc.ritsumei.ac.jp/archive01/theater/th_image/PB/arc/Prints/arcUP/arcUP3353.jpg","https://www.arc.ritsumei.ac.jp/archive01/theater/image/PB/arc/Prints/arcUP/arcUP3353.jpg",1859
"63",0.825,27.6738615048188,27.7311572843318,-16.4438887202546,25.3820303242955,"arcUP3353","arcUP3353","「梅王丸　実川延三郎」","","梅王丸〈1〉実川　延三郎","錦鯱堂","","中判/錦絵","横","国員","国員","－",1859,"安政０６","大坂","中","菅原伝授手習鑑","すがわらでんじゅてならいかがみ","","","","上方絵、菅原伝授手習鑑","立命館ARC","","https://www.dh-jac.net/db/nishikie/results-big.php?f1[]= arcUP3353","https://www.arc.ritsumei.ac.jp/archive01/theater/th_image/PB/arc/Prints/arcUP/arcUP3353.jpg","https://www.arc.ritsumei.ac.jp/archive01/theater/image/PB/arc/Prints/arcUP/arcUP3353.jpg",1859
"64",0.875,21.8869877739975,38.3308764942521,-15.7563393660976,37.1276651244773,"arcUP3361","arcUP3361","「傚花雪菊水」","「細川木津ノ正」","細川木津ノ正〈1〉実川　延三郎","－","","中判/錦絵","横","芳滝(印)","芳滝","－",1861,"文久０１","大坂","中","傚花雪菊水","なぞらえてゆきのきくすい","","","","上方絵","立命館ARC","","https://www.dh-jac.net/db/nishikie/results-big.php?f1[]= arcUP3361","https://www.arc.ritsumei.ac.jp/archive01/theater/th_image/PB/arc/Prints/arcUP/arcUP3361.jpg","https://www.arc.ritsumei.ac.jp/archive01/theater/image/PB/arc/Prints/arcUP/arcUP3361.jpg",1861
"65",0.875,26.2987627965048,40.6227076747754,-27.2727910482272,37.2995524630166,"arcUP3363","arcUP3363","「源ノ牛若丸　坂東彦三郎」","","源ノ牛若丸〈5〉坂東　彦三郎","－","","中判/錦絵","横","国員","国員","－",1858,"安政０５","大坂","中","柳桜春錦画","やなぎさくらはるのにしきえ","","","","上方絵、義経記","立命館ARC","","https://www.dh-jac.net/db/nishikie/results-big.php?f1[]= arcUP3363","https://www.arc.ritsumei.ac.jp/archive01/theater/th_image/PB/arc/Prints/arcUP/arcUP3363.jpg","https://www.arc.ritsumei.ac.jp/archive01/theater/image/PB/arc/Prints/arcUP/arcUP3363.jpg",1858
"66",0.875,64.8588224088092,-4.64095814055967,-47.1544265392667,13.2926208470351,"arcUP3374","arcUP3374","「廓大門」","「小さくら姫　藤川友吉」","小さくら姫〈3〉藤川　友吉","－","","中判/錦絵","横","芦野屋広信","広信〈1〉","－",1862,"文久０２","大坂","中","けいせい廓大門","けいせいおおもんぐち","","","","上方絵、けいせい廓大門","立命館ARC","","https://www.dh-jac.net/db/nishikie/results-big.php?f1[]= arcUP3374","https://www.arc.ritsumei.ac.jp/archive01/theater/th_image/PB/arc/Prints/arcUP/arcUP3374.jpg","https://www.arc.ritsumei.ac.jp/archive01/theater/image/PB/arc/Prints/arcUP/arcUP3374.jpg",1862
"67",0.925,48.8732999246592,-19.4232692549349,-19.7097481525003,2.00535228295788,"arcUP3374","arcUP3374","「廓大門」","「小さくら姫　藤川友吉」","小さくら姫〈3〉藤川　友吉","－","","中判/錦絵","横","芦野屋広信","広信〈1〉","－",1862,"文久０２","大坂","中","けいせい廓大門","けいせいおおもんぐち","","","","上方絵、けいせい廓大門","立命館ARC","","https://www.dh-jac.net/db/nishikie/results-big.php?f1[]= arcUP3374","https://www.arc.ritsumei.ac.jp/archive01/theater/th_image/PB/arc/Prints/arcUP/arcUP3374.jpg","https://www.arc.ritsumei.ac.jp/archive01/theater/image/PB/arc/Prints/arcUP/arcUP3374.jpg",1862
"68",0.875,49.5608492788162,13.8655786421659,-36.7265946678858,12.0894094772604,"arcUP3384","arcUP3384","「華雪箱根曙」","「娘初華　藤川友吉」","娘初華〈3〉藤川　友吉","－","","中判/錦絵","横","芳滝写","芳滝","－",1862,"文久０２","大坂","中","花雪箱根曙","はなふぶきはこねのあけぼの","","","","上方絵、躄の仇討","立命館ARC","","https://www.dh-jac.net/db/nishikie/results-big.php?f1[]= arcUP3384","https://www.arc.ritsumei.ac.jp/archive01/theater/th_image/PB/arc/Prints/arcUP/arcUP3384.jpg","https://www.arc.ritsumei.ac.jp/archive01/theater/image/PB/arc/Prints/arcUP/arcUP3384.jpg",1862
"69",0.225,-7.50574711621378,-31.9137491887869,10.8861981074856,-26.3560585760179,"arcUP3384","arcUP3384","「華雪箱根曙」","「娘初華　藤川友吉」","娘初華〈3〉藤川　友吉","－","","中判/錦絵","横","芳滝写","芳滝","－",1862,"文久０２","大坂","中","花雪箱根曙","はなふぶきはこねのあけぼの","","","","上方絵、躄の仇討","立命館ARC","","https://www.dh-jac.net/db/nishikie/results-big.php?f1[]= arcUP3384","https://www.arc.ritsumei.ac.jp/archive01/theater/th_image/PB/arc/Prints/arcUP/arcUP3384.jpg","https://www.arc.ritsumei.ac.jp/archive01/theater/image/PB/arc/Prints/arcUP/arcUP3384.jpg",1862
"70",0.725,-32.8304816609962,25.4393261038086,25.0955514267301,25.725805001374,"arcUP3386","arcUP3386","「華雪箱根曙」","「奴筆助　尾上多見蔵」","奴筆助〈2〉尾上　多見蔵","－","","中判/錦絵","横","芳滝画","芳滝","－",1862,"文久０２","大坂","中","花雪箱根曙","はなふぶきはこねのあけぼの","","","","上方絵、躄の仇討","立命館ARC","","https://www.dh-jac.net/db/nishikie/results-big.php?f1[]= arcUP3386","https://www.arc.ritsumei.ac.jp/archive01/theater/th_image/PB/arc/Prints/arcUP/arcUP3386.jpg","https://www.arc.ritsumei.ac.jp/archive01/theater/image/PB/arc/Prints/arcUP/arcUP3386.jpg",1862
"71",0.025,-11.4591559026165,15.9282267046369,13.0634377289828,21.6578046559451,"arcUP3386","arcUP3386","「華雪箱根曙」","「奴筆助　尾上多見蔵」","奴筆助〈2〉尾上　多見蔵","－","","中判/錦絵","横","芳滝画","芳滝","－",1862,"文久０２","大坂","中","花雪箱根曙","はなふぶきはこねのあけぼの","","","","上方絵、躄の仇討","立命館ARC","","https://www.dh-jac.net/db/nishikie/results-big.php?f1[]= arcUP3386","https://www.arc.ritsumei.ac.jp/archive01/theater/th_image/PB/arc/Prints/arcUP/arcUP3386.jpg","https://www.arc.ritsumei.ac.jp/archive01/theater/image/PB/arc/Prints/arcUP/arcUP3386.jpg",1862
"72",0.925,32.5440027634308,39.7632709820791,-23.9496358364684,47.2690180982929,"arcUP3390","arcUP3390","「本朝廿四孝」","「兄横蔵　尾上多見蔵」","兄横蔵〈2〉尾上　多見蔵","－","","中判/錦絵","横","芳滝画","芳滝","－",1861,"文久０１","大坂","角","本朝廿四孝","ほんちょうにじゅうしこう","","","","上方絵、本朝廿四孝","立命館ARC","","https://www.dh-jac.net/db/nishikie/results-big.php?f1[]= arcUP3390","https://www.arc.ritsumei.ac.jp/archive01/theater/th_image/PB/arc/Prints/arcUP/arcUP3390.jpg","https://www.arc.ritsumei.ac.jp/archive01/theater/image/PB/arc/Prints/arcUP/arcUP3390.jpg",1861
"73",0.975,11.9748179182342,-32.9450732200223,-12.6623672723912,-20.9702553017881,"arcUP3390","arcUP3390","「本朝廿四孝」","「兄横蔵　尾上多見蔵」","兄横蔵〈2〉尾上　多見蔵","－","","中判/錦絵","横","芳滝画","芳滝","－",1861,"文久０１","大坂","角","本朝廿四孝","ほんちょうにじゅうしこう","","","","上方絵、本朝廿四孝","立命館ARC","","https://www.dh-jac.net/db/nishikie/results-big.php?f1[]= arcUP3390","https://www.arc.ritsumei.ac.jp/archive01/theater/th_image/PB/arc/Prints/arcUP/arcUP3390.jpg","https://www.arc.ritsumei.ac.jp/archive01/theater/image/PB/arc/Prints/arcUP/arcUP3390.jpg",1861
"74",0.825,-80.9016406724722,5.95876106936056,56.0352723637945,24.1215231750077,"arcUP3393","arcUP3393","「敵討巌流島」","「宮本無三四　嵐璃☆」","宮本無三四〈2〉嵐　璃☆","－","","中判/錦絵","横","芳滝写","芳滝","－",1862,"文久０２","大坂","角","敵討巌流島","かたきうちがんりゅうじま","","","","上方絵、宮本武蔵","立命館ARC","","https://www.dh-jac.net/db/nishikie/results-big.php?f1[]= arcUP3393","https://www.arc.ritsumei.ac.jp/archive01/theater/th_image/PB/arc/Prints/arcUP/arcUP3393.jpg","https://www.arc.ritsumei.ac.jp/archive01/theater/image/PB/arc/Prints/arcUP/arcUP3393.jpg",1862
"75",0.925,45.6074404924135,-7.73493023426611,-32.6012985429438,6.8181977620568,"arcUP3395","arcUP3395","「飯沼勝五郎　実川延三郎」","","飯沼勝五郎〈1〉実川　延三郎","－","","中判/錦絵","横","芳滝","芳滝","－",1862,"文久０２","大坂","中","花雪箱根曙","はなふぶきはこねのあけぼの","","","","役者絵、上方絵、躄の仇討","立命館ARC","","https://www.dh-jac.net/db/nishikie/results-big.php?f1[]= arcUP3395","https://www.arc.ritsumei.ac.jp/archive01/theater/th_image/PB/arc/Prints/arcUP/arcUP3395.jpg","https://www.arc.ritsumei.ac.jp/archive01/theater/image/PB/arc/Prints/arcUP/arcUP3395.jpg",1862
"76",0.875,31.340791393656,38.7892427303567,-25.5539176628347,41.7113274855239,"arcUP3402","arcUP3402","「玉矢真平」","","玉矢真平〈2〉尾上　多見蔵","川音","川音","中判/錦絵","横","広貞(蘭畦)","広貞","－",1849,"嘉永０２","大坂","角","越前三国夫婦塚","えちぜんみくにふうふづか","","","","上方絵","立命館ARC","","https://www.dh-jac.net/db/nishikie/results-big.php?f1[]= arcUP3402","https://www.arc.ritsumei.ac.jp/archive01/theater/th_image/PB/arc/Prints/arcUP/arcUP3402.jpg","https://www.arc.ritsumei.ac.jp/archive01/theater/image/PB/arc/Prints/arcUP/arcUP3402.jpg",1849
"77",0.825,-45.263665815335,-10.0840571943025,38.1589891557128,1.08861981074856,"arcUP3413","arcUP3413","「曽我五郎」","","曽我五郎〈2〉嵐　璃☆","川音","川音","中判/錦絵","横","広貞(印)","広貞","－",1851,"嘉永０４","大坂","(見立)","けいせい曽我鎌倉☆","けいせいそがかまくらだいじん","","","","上方絵、曽我","立命館ARC","","https://www.dh-jac.net/db/nishikie/results-big.php?f1[]= arcUP3413","https://www.arc.ritsumei.ac.jp/archive01/theater/th_image/PB/arc/Prints/arcUP/arcUP3413.jpg","https://www.arc.ritsumei.ac.jp/archive01/theater/image/PB/arc/Prints/arcUP/arcUP3413.jpg",1851
"78",0.825,18.6211283417518,40.6227076747754,-8.02140913183153,41.3102570289324,"arcUP3420","arcUP3420","「熊谷次郎」","","熊谷次郎〈2〉尾上　多見蔵","川音","川音","中判/錦絵","横","広貞(印)","広貞","－",1851,"嘉永０４","大坂","(見立)","一谷嫩軍記","いちのたにふたばぐんき","","","","上方絵、一谷嫩軍記","立命館ARC","","https://www.dh-jac.net/db/nishikie/results-big.php?f1[]= arcUP3420","https://www.arc.ritsumei.ac.jp/archive01/theater/th_image/PB/arc/Prints/arcUP/arcUP3420.jpg","https://www.arc.ritsumei.ac.jp/archive01/theater/image/PB/arc/Prints/arcUP/arcUP3420.jpg",1851
"79",0.725,25.6112134423478,43.9458628865341,-21.7723962149713,37.8725102581474,"arcUP3467","arcUP3467","「絵兄弟忠臣蔵あしかゞ家御門外」","","","本清","本屋　清七","大判/錦絵","横","長谷川定信写","貞信","－",NA,"","大坂","","","","","","","忠臣蔵、三段目、見立絵","立命館ARC","","https://www.dh-jac.net/db/nishikie/results-big.php?f1[]= arcUP3467","https://www.arc.ritsumei.ac.jp/archive01/theater/th_image/PB/arc/Prints/arcUP/arcUP3467.jpg","https://www.arc.ritsumei.ac.jp/archive01/theater/image/PB/arc/Prints/arcUP/arcUP3467.jpg",NA
"80",0.975,-62.624287007799,0.0572957795130823,45.7220320514397,17.9335789875948,"arcUP3467","arcUP3467","「絵兄弟忠臣蔵あしかゞ家御門外」","","","本清","本屋　清七","大判/錦絵","横","長谷川定信写","貞信","－",NA,"","大坂","","","","","","","忠臣蔵、三段目、見立絵","立命館ARC","","https://www.dh-jac.net/db/nishikie/results-big.php?f1[]= arcUP3467","https://www.arc.ritsumei.ac.jp/archive01/theater/th_image/PB/arc/Prints/arcUP/arcUP3467.jpg","https://www.arc.ritsumei.ac.jp/archive01/theater/image/PB/arc/Prints/arcUP/arcUP3467.jpg",NA
"81",0.025,-16.1574098226892,5.61498639228207,12.8342546109304,9.79757829673708,"arcUP3467","arcUP3467","「絵兄弟忠臣蔵あしかゞ家御門外」","","","本清","本屋　清七","大判/錦絵","横","長谷川定信写","貞信","－",NA,"","大坂","","","","","","","忠臣蔵、三段目、見立絵","立命館ARC","","https://www.dh-jac.net/db/nishikie/results-big.php?f1[]= arcUP3467","https://www.arc.ritsumei.ac.jp/archive01/theater/th_image/PB/arc/Prints/arcUP/arcUP3467.jpg","https://www.arc.ritsumei.ac.jp/archive01/theater/image/PB/arc/Prints/arcUP/arcUP3467.jpg",NA
"82",0.875,15.5271562480453,2.00535228295788,-13.0634377289828,18.7357199007779,"arcUP3562","arcUP3562","「中村歌右衛門」","","〈4〉中村　歌右衛門","","蔦屋　吉蔵","大判/錦絵","横","香蝶楼国貞画","国貞〈1〉","極",1841,"天保１２","江戸","市村","","","","","","業平、東下り","立命館ARC","","https://www.dh-jac.net/db/nishikie/results-big.php?f1[]= arcUP3562","https://www.arc.ritsumei.ac.jp/archive01/theater/th_image/PB/arc/Prints/arcUP/arcUP3562.jpg","https://www.arc.ritsumei.ac.jp/archive01/theater/image/PB/arc/Prints/arcUP/arcUP3562.jpg",1841
"83",0.875,15.5844520275584,40.1643414386707,-6.53171886449138,32.3721154248915,"arcUP3943","arcUP3943","「誠忠義士伝」","「寺岡平右衛門信行」","","海老林","","大判/錦絵","横","一勇斎国芳画","国芳","村田、米良",NA,"","","","","","","","","武者絵、忠臣蔵","立命館ARC","","https://www.dh-jac.net/db/nishikie/results-big.php?f1[]= arcUP3943","https://www.arc.ritsumei.ac.jp/archive01/theater/th_image/PB/arc/Prints/arcUP/arcUP3943.jpg","https://www.arc.ritsumei.ac.jp/archive01/theater/image/PB/arc/Prints/arcUP/arcUP3943.jpg",NA
"84",0.525,52.196455136418,-14.3239448782706,-22.8037202462068,2.17723962149713,"arcUP3943","arcUP3943","「誠忠義士伝」","「寺岡平右衛門信行」","","海老林","","大判/錦絵","横","一勇斎国芳画","国芳","村田、米良",NA,"","","","","","","","","武者絵、忠臣蔵","立命館ARC","","https://www.dh-jac.net/db/nishikie/results-big.php?f1[]= arcUP3943","https://www.arc.ritsumei.ac.jp/archive01/theater/th_image/PB/arc/Prints/arcUP/arcUP3943.jpg","https://www.arc.ritsumei.ac.jp/archive01/theater/image/PB/arc/Prints/arcUP/arcUP3943.jpg",NA
"85",0.025,-24.35070629306,-12.1467052567735,19.7670439320134,-9.79757829673708,"arcUP3943","arcUP3943","「誠忠義士伝」","「寺岡平右衛門信行」","","海老林","","大判/錦絵","横","一勇斎国芳画","国芳","村田、米良",NA,"","","","","","","","","武者絵、忠臣蔵","立命館ARC","","https://www.dh-jac.net/db/nishikie/results-big.php?f1[]= arcUP3943","https://www.arc.ritsumei.ac.jp/archive01/theater/th_image/PB/arc/Prints/arcUP/arcUP3943.jpg","https://www.arc.ritsumei.ac.jp/archive01/theater/image/PB/arc/Prints/arcUP/arcUP3943.jpg",NA
"86",0.925,-28.1322277409234,15.98552248415,27.9030446228711,27.4446783867664,"arcUP3955","arcUP3955","「仮名手本忠臣蔵　七ノ中」","「大星由良之助　尾上多見蔵」","","石和板","","大判/錦絵","横","芳滝筆","芳滝","－",NA,"","","","","","","","","役者絵、忠臣蔵","立命館ARC","","https://www.dh-jac.net/db/nishikie/results-big.php?f1[]= arcUP3955","https://www.arc.ritsumei.ac.jp/archive01/theater/th_image/PB/arc/Prints/arcUP/arcUP3955.jpg","https://www.arc.ritsumei.ac.jp/archive01/theater/image/PB/arc/Prints/arcUP/arcUP3955.jpg",NA
"87",0.875,48.6441168066069,25.8403965604001,-28.3041150794627,18.105466326134,"arcUP4098(P)","arcUP4098(P)","「八陳守護城」","「天守のだん」","","伏見屋","","大判/錦絵","横","楊洲周延筆(年玉印)","周延","",NA,"","","","","","","","","役者絵","立命館ARC","","https://www.dh-jac.net/db/nishikie/results-big.php?f1[]= arcUP4098(P)","https://www.arc.ritsumei.ac.jp/archive01/theater/th_image/PB/arc/Prints/arcUP/arcUP4098(P).jpg","https://www.arc.ritsumei.ac.jp/archive01/theater/image/PB/arc/Prints/arcUP/arcUP4098(P).jpg",NA
"88",0.875,76.0887951933733,37.9298060376605,-38.7892427303567,28.3041150794627,"arcUP4129(F)","arcUP4129(F)","","","","","","大判/錦絵","横","－","芳滝","",NA,"","","","","","","","","役者絵","立命館ARC","","https://www.dh-jac.net/db/nishikie/results-big.php?f1[]= arcUP4129(F)","https://www.arc.ritsumei.ac.jp/archive01/theater/th_image/PB/arc/Prints/arcUP/arcUP4129(F).jpg","https://www.arc.ritsumei.ac.jp/archive01/theater/image/PB/arc/Prints/arcUP/arcUP4129(F).jpg",NA
"89",0.825,-83.0788802939694,-47.4409054368322,44.0031586660472,17.9335789875948,"arcUP4247","arcUP4247","「豊国漫画図絵」","「弁天小僧菊之介」","","魚栄版","","大判/錦絵","横","豊国画","豊国〈3〉","申九改",NA,"","","","","","","","","役者絵、見立絵","立命館ARC","","https://www.dh-jac.net/db/nishikie/results-big.php?f1[]= arcUP4247","https://www.arc.ritsumei.ac.jp/archive01/theater/th_image/PB/arc/Prints/arcUP/arcUP4247.jpg","https://www.arc.ritsumei.ac.jp/archive01/theater/image/PB/arc/Prints/arcUP/arcUP4247.jpg",NA
"90",0.875,-12.7196630519043,17.9908747671079,4.75554969958583,22.5745371281544,"arcUP4249","arcUP4249","「げい子　岩井半四郎」","","げい子〈5〉岩井　半四郎","","西村屋　与八","大判/錦絵","横","豊国画","豊国〈1〉","極、伊賀",1811,"文化０８","江戸","市村","謎帯一寸徳兵衛","なぞのおびちょっととくべい","","","玉藻前尾花錦繍","役者絵","立命館ARC","","https://www.dh-jac.net/db/nishikie/results-big.php?f1[]= arcUP4249","https://www.arc.ritsumei.ac.jp/archive01/theater/th_image/PB/arc/Prints/arcUP/arcUP4249.jpg","https://www.arc.ritsumei.ac.jp/archive01/theater/image/PB/arc/Prints/arcUP/arcUP4249.jpg",1811
"91",0.875,27.7884530638449,8.7662542655016,-14.8969026734014,12.4904799338519,"arcUP4262","arcUP4262","「東錦浮世稿談」","「桃川燕山」「箱王丸」「八幡七郎」","","近久","","大判/錦絵","横","一魁斎芳年筆(芳桐印)","芳年","",NA,"","","","","","","","","武者絵","立命館ARC","","https://www.dh-jac.net/db/nishikie/results-big.php?f1[]= arcUP4262","https://www.arc.ritsumei.ac.jp/archive01/theater/th_image/PB/arc/Prints/arcUP/arcUP4262.jpg","https://www.arc.ritsumei.ac.jp/archive01/theater/image/PB/arc/Prints/arcUP/arcUP4262.jpg",NA
"92",0.875,7.10467665962221,9.56839517868475,-5.5003948332559,3.43774677078494,"arcUP4262","arcUP4262","「東錦浮世稿談」","「桃川燕山」「箱王丸」「八幡七郎」","","近久","","大判/錦絵","横","一魁斎芳年筆(芳桐印)","芳年","",NA,"","","","","","","","","武者絵","立命館ARC","","https://www.dh-jac.net/db/nishikie/results-big.php?f1[]= arcUP4262","https://www.arc.ritsumei.ac.jp/archive01/theater/th_image/PB/arc/Prints/arcUP/arcUP4262.jpg","https://www.arc.ritsumei.ac.jp/archive01/theater/image/PB/arc/Prints/arcUP/arcUP4262.jpg",NA
"93",0.025,-0.74484513367007,-2.9220847551672,-0.687549354156988,-5.95876106936056,"arcUP4262","arcUP4262","「東錦浮世稿談」","「桃川燕山」「箱王丸」「八幡七郎」","","近久","","大判/錦絵","横","一魁斎芳年筆(芳桐印)","芳年","",NA,"","","","","","","","","武者絵","立命館ARC","","https://www.dh-jac.net/db/nishikie/results-big.php?f1[]= arcUP4262","https://www.arc.ritsumei.ac.jp/archive01/theater/th_image/PB/arc/Prints/arcUP/arcUP4262.jpg","https://www.arc.ritsumei.ac.jp/archive01/theater/image/PB/arc/Prints/arcUP/arcUP4262.jpg",NA
"94",0.025,77.922260137792,-104.106431375271,-44.2896375636126,16.0428182636631,"arcUP4293","arcUP4293","「木下藤吉久吉　坂東彦三郎」","","木下藤吉久吉 〈5〉坂東彦三郎","","","大判/錦絵","横","－","国周","－",1873,"明治０６","東京","守田","祇園祭礼信仰記","ぎおんさいれいしんこうき","","","祇園祭礼信仰記","役者絵","立命館ARC","","https://www.dh-jac.net/db/nishikie/results-big.php?f1[]= arcUP4293","https://www.arc.ritsumei.ac.jp/archive01/theater/th_image/PB/arc/Prints/arcUP/arcUP4293.jpg","https://www.arc.ritsumei.ac.jp/archive01/theater/image/PB/arc/Prints/arcUP/arcUP4293.jpg",1873
"95",0.025,-72.4218653045361,49.5035534993031,28.9343686541066,22.1734666715629,"arcUP4303(F)","arcUP4303(F)","","","","","","","横","－","国周","",NA,"","","","","","","","","","立命館ARC","","https://www.dh-jac.net/db/nishikie/results-big.php?f1[]= arcUP4303(F)","https://www.arc.ritsumei.ac.jp/archive01/theater/th_image/PB/arc/Prints/arcUP/arcUP4303(F).jpg","https://www.arc.ritsumei.ac.jp/archive01/theater/image/PB/arc/Prints/arcUP/arcUP4303(F).jpg",NA
"96",0.025,-5.44309905374282,1.08861981074856,6.70360620303063,10.3705360918679,"arcUP4306(F)","arcUP4306(F)","","","","","","","横","守川周重筆(年玉印)","国重","",NA,"","","","","","","","","","立命館ARC","","https://www.dh-jac.net/db/nishikie/results-big.php?f1[]= arcUP4306(F)","https://www.arc.ritsumei.ac.jp/archive01/theater/th_image/PB/arc/Prints/arcUP/arcUP4306(F).jpg","https://www.arc.ritsumei.ac.jp/archive01/theater/image/PB/arc/Prints/arcUP/arcUP4306(F).jpg",NA
"97",0.025,-27.845748843358,30.2521715829075,19.5378608139611,24.5798894111123,"arcUP4317","arcUP4317","","","","ト","","大判/錦絵","横","一勇斎国芳画(芳桐印)","国芳","馬込、浜",NA,"","","","","","","","","役者絵","立命館ARC","","https://www.dh-jac.net/db/nishikie/results-big.php?f1[]= arcUP4317","https://www.arc.ritsumei.ac.jp/archive01/theater/th_image/PB/arc/Prints/arcUP/arcUP4317.jpg","https://www.arc.ritsumei.ac.jp/archive01/theater/image/PB/arc/Prints/arcUP/arcUP4317.jpg",NA
"98",0.025,-73.4531893357715,-51.5662015617741,53.0558918291142,-4.29718346348117,"arcUP4326(F)","arcUP4326(F)","","","","","","","横","国周筆(年玉印)","国周","",NA,"","","","","","","","","","立命館ARC","","https://www.dh-jac.net/db/nishikie/results-big.php?f1[]= arcUP4326(F)","https://www.arc.ritsumei.ac.jp/archive01/theater/th_image/PB/arc/Prints/arcUP/arcUP4326(F).jpg","https://www.arc.ritsumei.ac.jp/archive01/theater/image/PB/arc/Prints/arcUP/arcUP4326(F).jpg",NA
"99",0.875,-13.0061419494697,30.7105378190121,11.9175221387211,36.0390453137288,"arcUP4351(F)","arcUP4351(F)","","","","","","","横","蓼洲作","蓼洲","",NA,"","","","","","","","","","立命館ARC","","https://www.dh-jac.net/db/nishikie/results-big.php?f1[]= arcUP4351(F)","https://www.arc.ritsumei.ac.jp/archive01/theater/th_image/PB/arc/Prints/arcUP/arcUP4351(F).jpg","https://www.arc.ritsumei.ac.jp/archive01/theater/image/PB/arc/Prints/arcUP/arcUP4351(F).jpg",NA
"100",0.025,-18.0481705466209,25.4966218833216,12.1467052567735,26.2987627965048,"arcUP4391","arcUP4391","「京都四条夜討之図」","「大多上総介平春永公」","","藤けい","","大判/錦絵","横","一魁斎芳年画","芳年","子三改",NA,"","","","","","","","","武者絵","立命館ARC","","https://www.dh-jac.net/db/nishikie/results-big.php?f1[]= arcUP4391","https://www.arc.ritsumei.ac.jp/archive01/theater/th_image/PB/arc/Prints/arcUP/arcUP4391.jpg","https://www.arc.ritsumei.ac.jp/archive01/theater/image/PB/arc/Prints/arcUP/arcUP4391.jpg",NA
"101",0.025,11.2299727845641,39.3622005254876,-7.27656399816146,32.9450732200223,"arcUP4444(F)","arcUP4444(F)","","","","","","","横","楊洲","周延","",NA,"","","","","","","","","","立命館ARC","","https://www.dh-jac.net/db/nishikie/results-big.php?f1[]= arcUP4444(F)","https://www.arc.ritsumei.ac.jp/archive01/theater/th_image/PB/arc/Prints/arcUP/arcUP4444(F).jpg","https://www.arc.ritsumei.ac.jp/archive01/theater/image/PB/arc/Prints/arcUP/arcUP4444(F).jpg",NA
"102",0.875,-18.3346494441863,38.9038342893829,16.9595507358724,38.9038342893829,"arcUP4461","arcUP4461","「こしもと千鳥　岩井半四郎」","","","山長","","大判/錦絵","横","豊国画","豊国〈1〉","極、西宮",NA,"","","","","","","","","役者絵","立命館ARC","","https://www.dh-jac.net/db/nishikie/results-big.php?f1[]= arcUP4461","https://www.arc.ritsumei.ac.jp/archive01/theater/th_image/PB/arc/Prints/arcUP/arcUP4461.jpg","https://www.arc.ritsumei.ac.jp/archive01/theater/image/PB/arc/Prints/arcUP/arcUP4461.jpg",NA
"103",0.875,24.4652978520862,-2.80749319614103,-18.4492410032125,0.859436692696235,"arcUP4565(F)","arcUP4565(F)","","","","","","","横","芳虎画","芳虎","",NA,"","","","","","","","","","立命館ARC","","https://www.dh-jac.net/db/nishikie/results-big.php?f1[]= arcUP4565(F)","https://www.arc.ritsumei.ac.jp/archive01/theater/th_image/PB/arc/Prints/arcUP/arcUP4565(F).jpg","https://www.arc.ritsumei.ac.jp/archive01/theater/image/PB/arc/Prints/arcUP/arcUP4565(F).jpg",NA
"104",0.775,-24.0069316159815,46.2949898465705,26.0695796784525,45.3209615948481,"arcUP4574","arcUP4574","「忠臣義士銘々伝」","「よ」「形岳現五右衛門源高房」","","若林堂","","中判/錦絵","横","芳虎画","芳虎","子五改",NA,"","","","","","","","","武者絵、忠臣蔵","立命館ARC","","https://www.dh-jac.net/db/nishikie/results-big.php?f1[]= arcUP4574","https://www.arc.ritsumei.ac.jp/archive01/theater/th_image/PB/arc/Prints/arcUP/arcUP4574.jpg","https://www.arc.ritsumei.ac.jp/archive01/theater/image/PB/arc/Prints/arcUP/arcUP4574.jpg",NA
"105",0.775,-24.2361147340338,18.4492410032125,18.8503114598041,12.0894094772604,"arcUP4576(F)","arcUP4576(F)","","","","","","","横","芳虎画","芳虎","",NA,"","","","","","","","","","立命館ARC","","https://www.dh-jac.net/db/nishikie/results-big.php?f1[]= arcUP4576(F)","https://www.arc.ritsumei.ac.jp/archive01/theater/th_image/PB/arc/Prints/arcUP/arcUP4576(F).jpg","https://www.arc.ritsumei.ac.jp/archive01/theater/image/PB/arc/Prints/arcUP/arcUP4576(F).jpg",NA
"106",0.875,21.8869877739975,40.5654118952623,-24.5798894111123,37.2422566835035,"arcUP4591","arcUP4591","「忠臣義士銘々伝」","「ふ」「府和員右衛門平重種」","","若与版","","中判/錦絵","横","芳虎画","芳虎","子五改",NA,"","","","","","","","","武者絵、忠臣蔵","立命館ARC","","https://www.dh-jac.net/db/nishikie/results-big.php?f1[]= arcUP4591","https://www.arc.ritsumei.ac.jp/archive01/theater/th_image/PB/arc/Prints/arcUP/arcUP4591.jpg","https://www.arc.ritsumei.ac.jp/archive01/theater/image/PB/arc/Prints/arcUP/arcUP4591.jpg",NA
"107",0.875,25.6685092218609,13.3499166265482,-19.1367903573695,11.5164516821295,"arcUP4606","arcUP4606","「忠臣義士銘々伝」","「す」「寺岡平右衛門藤原信行」","","若与版","","中判/錦絵","横","芳虎画","芳虎","子五改",NA,"","","","","","","","","武者絵、忠臣蔵","立命館ARC","","https://www.dh-jac.net/db/nishikie/results-big.php?f1[]= arcUP4606","https://www.arc.ritsumei.ac.jp/archive01/theater/th_image/PB/arc/Prints/arcUP/arcUP4606.jpg","https://www.arc.ritsumei.ac.jp/archive01/theater/image/PB/arc/Prints/arcUP/arcUP4606.jpg",NA
"108",0.825,38.1016933761997,40.9664823518539,-34.0336930307709,39.2476089664614,"arcUP4638","arcUP4638","「四郎次郞元信　尾上菊五郎」「けいせひ遠山　藤川友吉」","「大当り」「四枚つゞき」「壱」","四郎次郞元信〈3〉尾上　菊五郎、けいせひ遠山〈2〉藤川　友吉","天喜","天満屋　喜兵衛","縮緬絵/錦絵","横","御好二付　重春画","重春","－",1830,"天保０１","大坂","中","今川本領猫魔館","いまがわほんりょうねこまたやかた","","","今川本領猫魔館","役者絵","立命館ARC","","https://www.dh-jac.net/db/nishikie/results-big.php?f1[]= arcUP4638","https://www.arc.ritsumei.ac.jp/archive01/theater/th_image/PB/arc/Prints/arcUP/arcUP4638.jpg","https://www.arc.ritsumei.ac.jp/archive01/theater/image/PB/arc/Prints/arcUP/arcUP4638.jpg",1830
"109",0.775,4.5263665815335,14.0947617602183,-7.10467665962221,15.1260857914537,"arcUP4881","arcUP4881","「太平記英勇伝」","「七十五」「片桐東市正且元」","","広幸","広岡屋　幸助","中判/錦絵","横","一恵斎芳幾筆","芳幾","卯正改",NA,"","","","","","","","","武者絵","立命館ARC","「近江国の産　豊公☆（研の旁）原より扈従し智略尋常ならず　忠義無双の良将たり　勇に於ては江北に秋坂を捕え賤ヶ嶽には豊島安彦長井の三将を討其他軍功枚挙がたし　豊公他界の後幼主を守護し屡々肺簡を砕といへども讒者為に計儀空敷竟に勘気を得て茨木に蟄居せり　山仝亭有人記」","https://www.dh-jac.net/db/nishikie/results-big.php?f1[]= arcUP4881","https://www.arc.ritsumei.ac.jp/archive01/theater/th_image/PB/arc/Prints/arcUP/arcUP4881.jpg","https://www.arc.ritsumei.ac.jp/archive01/theater/image/PB/arc/Prints/arcUP/arcUP4881.jpg",NA
"110",0.875,14.4958322168098,11.2872685640772,-14.0947617602183,18.5065367827256,"arcUP4917","arcUP4917","「時代かゞみ」","「寛永之頃」「元旦登城」","","臨写印刷兼発行者　日本橋区吉川町二番地　松木平吉","松木　平吉","大判/錦絵","横","楊洲周延(楊洲玉印）","周延","明治二十九年十二月十日印刷、同年同月廿日発行",NA,"","","","","","","","","美人画、風俗画","立命館ARC","","https://www.dh-jac.net/db/nishikie/results-big.php?f1[]= arcUP4917","https://www.arc.ritsumei.ac.jp/archive01/theater/th_image/PB/arc/Prints/arcUP/arcUP4917.jpg","https://www.arc.ritsumei.ac.jp/archive01/theater/image/PB/arc/Prints/arcUP/arcUP4917.jpg",NA
"111",0.875,16.673071838307,32.6585943224569,-18.1627621056471,33.2315521175877,"arcUP4917","arcUP4917","「時代かゞみ」","「寛永之頃」「元旦登城」","","臨写印刷兼発行者　日本橋区吉川町二番地　松木平吉","松木　平吉","大判/錦絵","横","楊洲周延(楊洲玉印）","周延","明治二十九年十二月十日印刷、同年同月廿日発行",NA,"","","","","","","","","美人画、風俗画","立命館ARC","","https://www.dh-jac.net/db/nishikie/results-big.php?f1[]= arcUP4917","https://www.arc.ritsumei.ac.jp/archive01/theater/th_image/PB/arc/Prints/arcUP/arcUP4917.jpg","https://www.arc.ritsumei.ac.jp/archive01/theater/image/PB/arc/Prints/arcUP/arcUP4917.jpg",NA
"112",0.875,23.5485653798768,2.29183118052329,-28.8770728745935,7.62033867523995,"arcUP4917","arcUP4917","「時代かゞみ」","「寛永之頃」「元旦登城」","","臨写印刷兼発行者　日本橋区吉川町二番地　松木平吉","松木　平吉","大判/錦絵","横","楊洲周延(楊洲玉印）","周延","明治二十九年十二月十日印刷、同年同月廿日発行",NA,"","","","","","","","","美人画、風俗画","立命館ARC","","https://www.dh-jac.net/db/nishikie/results-big.php?f1[]= arcUP4917","https://www.arc.ritsumei.ac.jp/archive01/theater/th_image/PB/arc/Prints/arcUP/arcUP4917.jpg","https://www.arc.ritsumei.ac.jp/archive01/theater/image/PB/arc/Prints/arcUP/arcUP4917.jpg",NA
"113",0.975,-52.6548213725227,-15.8709309251238,34.8358339439541,-1.60428182636631,"arcUP4951(P)","arcUP4951(P)","","","","","","大判/錦絵","横","楊洲周延(楊洲玉印）","周延","",NA,"","","","","","","","","美人画","立命館ARC","","https://www.dh-jac.net/db/nishikie/results-big.php?f1[]= arcUP4951(P)","https://www.arc.ritsumei.ac.jp/archive01/theater/th_image/PB/arc/Prints/arcUP/arcUP4951(P).jpg","https://www.arc.ritsumei.ac.jp/archive01/theater/image/PB/arc/Prints/arcUP/arcUP4951(P).jpg",NA
"114",0.875,-23.2620864823114,3.32315521175878,26.0122838989394,11.6310432411557,"arcUP4958(P)","arcUP4958(P)","","","","","","大判/錦絵","横","楊洲周延(楊洲玉印）","周延","",NA,"","","","","","","","","美人画","立命館ARC","","https://www.dh-jac.net/db/nishikie/results-big.php?f1[]= arcUP4958(P)","https://www.arc.ritsumei.ac.jp/archive01/theater/th_image/PB/arc/Prints/arcUP/arcUP4958(P).jpg","https://www.arc.ritsumei.ac.jp/archive01/theater/image/PB/arc/Prints/arcUP/arcUP4958(P).jpg",NA
"115",0.675,23.4912696003638,37.8725102581474,-29.2781433311851,37.8725102581474,"arcUP5094(P)","arcUP5094(P)","","","","","","大判/錦絵","横","芳年画","芳年","",NA,"","","","","","","","","","立命館ARC","","https://www.dh-jac.net/db/nishikie/results-big.php?f1[]= arcUP5094(P)","https://www.arc.ritsumei.ac.jp/archive01/theater/th_image/PB/arc/Prints/arcUP/arcUP5094(P).jpg","https://www.arc.ritsumei.ac.jp/archive01/theater/image/PB/arc/Prints/arcUP/arcUP5094(P).jpg",NA
"116",0.875,-38.7892427303567,-1.83346494441863,29.5646222287505,12.8342546109304,"arcUP5188(P)","arcUP5188(P)","","","","","","大判/錦絵","横","楊洲周延","周延","",NA,"","","","","","","","","","立命館ARC","","https://www.dh-jac.net/db/nishikie/results-big.php?f1[]= arcUP5188(P)","https://www.arc.ritsumei.ac.jp/archive01/theater/th_image/PB/arc/Prints/arcUP/arcUP5188(P).jpg","https://www.arc.ritsumei.ac.jp/archive01/theater/image/PB/arc/Prints/arcUP/arcUP5188(P).jpg",NA
"117",0.875,-55.8060892457422,-7.84952179329228,37.1849609039904,12.8915503904435,"arcUP5215(P)","arcUP5215(P)","","","","","","大判/錦絵","横","楊洲周延","周延","",NA,"","","","","","","","","","立命館ARC","","https://www.dh-jac.net/db/nishikie/results-big.php?f1[]= arcUP5215(P)","https://www.arc.ritsumei.ac.jp/archive01/theater/th_image/PB/arc/Prints/arcUP/arcUP5215(P).jpg","https://www.arc.ritsumei.ac.jp/archive01/theater/image/PB/arc/Prints/arcUP/arcUP5215(P).jpg",NA
"118",0.875,-33.6326225741793,-6.01605684887364,25.3247345447824,-10.1413529738156,"arcUP5215(P)","arcUP5215(P)","","","","","","大判/錦絵","横","楊洲周延","周延","",NA,"","","","","","","","","","立命館ARC","","https://www.dh-jac.net/db/nishikie/results-big.php?f1[]= arcUP5215(P)","https://www.arc.ritsumei.ac.jp/archive01/theater/th_image/PB/arc/Prints/arcUP/arcUP5215(P).jpg","https://www.arc.ritsumei.ac.jp/archive01/theater/image/PB/arc/Prints/arcUP/arcUP5215(P).jpg",NA
"119",0.875,-22.6891286871806,14.2093533192444,23.4912696003638,20.5691848451966,"arcUP5227(P)","arcUP5227(P)","","","","","","大判/錦絵","横","楊洲周延","周延","",NA,"","","","","","","","","","立命館ARC","","https://www.dh-jac.net/db/nishikie/results-big.php?f1[]= arcUP5227(P)","https://www.arc.ritsumei.ac.jp/archive01/theater/th_image/PB/arc/Prints/arcUP/arcUP5227(P).jpg","https://www.arc.ritsumei.ac.jp/archive01/theater/image/PB/arc/Prints/arcUP/arcUP5227(P).jpg",NA
"120",0.875,-42.2842852806548,-8.47977536793618,34.4347634873625,2.06264806247096,"arcUP5244","arcUP5244","「東錦浮世稿談」","「神田伯龍」「朝倉当五郎」","","錦盛堂","","大判/錦絵","横","一魁斎芳年筆(芳桐印)","芳年","卯十改",NA,"","","","","","","","","武者絵","立命館ARC","","https://www.dh-jac.net/db/nishikie/results-big.php?f1[]= arcUP5244","https://www.arc.ritsumei.ac.jp/archive01/theater/th_image/PB/arc/Prints/arcUP/arcUP5244.jpg","https://www.arc.ritsumei.ac.jp/archive01/theater/image/PB/arc/Prints/arcUP/arcUP5244.jpg",NA
"121",0.975,66.5204000146886,62.624287007799,-55.4050187891506,42.7426515167594,"arcUP5330","arcUP5330","「竹本弥太夫」「坂東三津五郎　黒ぬし」","","","沢田板","","中判/錦絵","横","芳峰","芳峰","－",NA,"","","","","","","","","役者絵","立命館ARC","","https://www.dh-jac.net/db/nishikie/results-big.php?f1[]= arcUP5330","https://www.arc.ritsumei.ac.jp/archive01/theater/th_image/PB/arc/Prints/arcUP/arcUP5330.jpg","https://www.arc.ritsumei.ac.jp/archive01/theater/image/PB/arc/Prints/arcUP/arcUP5330.jpg",NA
"122",0.725,-30.2521715829075,22.0588751125367,23.1474949232853,22.288058230589,"arcUP5330","arcUP5330","「竹本弥太夫」「坂東三津五郎　黒ぬし」","","","沢田板","","中判/錦絵","横","芳峰","芳峰","－",NA,"","","","","","","","","役者絵","立命館ARC","","https://www.dh-jac.net/db/nishikie/results-big.php?f1[]= arcUP5330","https://www.arc.ritsumei.ac.jp/archive01/theater/th_image/PB/arc/Prints/arcUP/arcUP5330.jpg","https://www.arc.ritsumei.ac.jp/archive01/theater/image/PB/arc/Prints/arcUP/arcUP5330.jpg",NA
"123",0.725,-43.3729050914033,7.96411335231844,35.9244537547026,12.3758883748258,"arcUP5383","arcUP5383","「渡辺綱　中村福助」","","","松木平吉","","大判/錦絵","横","－","国周","－",NA,"","","","","","","","","役者絵","立命館ARC","","https://www.dh-jac.net/db/nishikie/results-big.php?f1[]= arcUP5383","https://www.arc.ritsumei.ac.jp/archive01/theater/th_image/PB/arc/Prints/arcUP/arcUP5383.jpg","https://www.arc.ritsumei.ac.jp/archive01/theater/image/PB/arc/Prints/arcUP/arcUP5383.jpg",NA
"124",0.875,-28.9916644336197,-21.0275510813012,16.9022549563593,-6.18794418741289,"arcUP5552","arcUP5552","「瀬川菊之丞」","","","蔦屋吉蔵板","","大判/錦絵","横","香蝶楼国貞画","国貞〈1〉","極",NA,"","","","","","","","","役者絵、大首絵","立命館ARC","","https://www.dh-jac.net/db/nishikie/results-big.php?f1[]= arcUP5552","https://www.arc.ritsumei.ac.jp/archive01/theater/th_image/PB/arc/Prints/arcUP/arcUP5552.jpg","https://www.arc.ritsumei.ac.jp/archive01/theater/image/PB/arc/Prints/arcUP/arcUP5552.jpg",NA
"125",0.875,-15.4698604685322,3.38045099127186,20.168114388605,4.98473281763816,"arcUP5588","arcUP5588","「時代かゞみ」","「慶応之頃」「よつで駕」","","臨写印刷兼発行者　日本橋区吉川町二番地　松木平吉","松木　平吉","大判/錦絵","横","楊洲周延(楊洲玉印）","周延","明治廿九年十二月五日印刷、同年同月十日発行",NA,"","","","","","","","","美人画、風俗画","立命館ARC","","https://www.dh-jac.net/db/nishikie/results-big.php?f1[]= arcUP5588","https://www.arc.ritsumei.ac.jp/archive01/theater/th_image/PB/arc/Prints/arcUP/arcUP5588.jpg","https://www.arc.ritsumei.ac.jp/archive01/theater/image/PB/arc/Prints/arcUP/arcUP5588.jpg",NA
"126",0.975,-22.5745371281544,22.8037202462068,13.1207335084959,16.1001140431761,"arcUP5996(P)","arcUP5996(P)","","","","","","大判/錦絵","横","","","",NA,"","","","","","","","","","立命館ARC","","https://www.dh-jac.net/db/nishikie/results-big.php?f1[]= arcUP5996(P)","https://www.arc.ritsumei.ac.jp/archive01/theater/th_image/PB/arc/Prints/arcUP/arcUP5996(P).jpg","https://www.arc.ritsumei.ac.jp/archive01/theater/image/PB/arc/Prints/arcUP/arcUP5996(P).jpg",NA
"127",0.875,-48.70141258612,22.6318329076675,45.263665815335,35.6952706366503,"arcUP6293","arcUP6293","「誠忠義士伝」","「阪垣源蔵」","","","","小判/錦絵","横","","","",NA,"","","","","","","","","忠臣蔵","立命館ARC","","https://www.dh-jac.net/db/nishikie/results-big.php?f1[]= arcUP6293","https://www.arc.ritsumei.ac.jp/archive01/theater/th_image/PB/arc/Prints/arcUP/arcUP6293.jpg","https://www.arc.ritsumei.ac.jp/archive01/theater/image/PB/arc/Prints/arcUP/arcUP6293.jpg",NA
"128",0.875,32.6012985429438,17.8762832080817,-24.4652978520862,23.7204527184161,"arcUP6819(F)","arcUP6819(F)","","","","","","大判/錦絵","","","","",NA,"","","","","","","","","","立命館ARC","","https://www.dh-jac.net/db/nishikie/results-big.php?f1[]= arcUP6819(F)","https://www.arc.ritsumei.ac.jp/archive01/theater/th_image/PB/arc/Prints/arcUP/arcUP6819(F).jpg","https://www.arc.ritsumei.ac.jp/archive01/theater/image/PB/arc/Prints/arcUP/arcUP6819(F).jpg",NA
"129",0.975,18.6211283417518,3.95340878640268,-13.5218039650874,18.9076072393172,"arcUP6838","arcUP6838","","","","","","大判/錦絵","","","","",NA,"","","","","","","","","口絵","立命館ARC","","https://www.dh-jac.net/db/nishikie/results-big.php?f1[]= arcUP6838","https://www.arc.ritsumei.ac.jp/archive01/theater/th_image/PB/arc/Prints/arcUP/arcUP6838.jpg","https://www.arc.ritsumei.ac.jp/archive01/theater/image/PB/arc/Prints/arcUP/arcUP6838.jpg",NA
"130",0.725,31.8564534092738,31.7418618502476,-24.0069316159815,24.6371851906254,"arcUY0011","arcUY0011","「日よし丸　あらし璃寛」","","日よし丸〈2〉嵐　璃寛","木","綿屋　喜兵衛","大判/錦絵","横","応需 重春画","重春","－",NA,"","","","","","","","","上方絵","立命館ARC","","https://www.dh-jac.net/db/nishikie/results-big.php?f1[]= arcUY0011","https://www.arc.ritsumei.ac.jp/archive01/theater/th_image/PB/arc/Prints/arcUY/arcUY0011.jpg","https://www.arc.ritsumei.ac.jp/archive01/theater/image/PB/arc/Prints/arcUY/arcUY0011.jpg",NA
"131",0.975,65.3171886449138,-0.630253574643906,-39.8205667615922,10.8289023279726,"arcUY0016","arcUY0016","「安部の安名　中村歌右衛門」","","安部の安名〈3〉中村　歌右衛門","木","綿屋　喜兵衛","大判/錦絵","横","玉柳亭重春画","重春","－",1830,"文政１３","大坂","角","芦屋道満大内鑑","あしやどうまんおおうちかがみ","","","芦屋道満大内鑑","上方絵","立命館ARC","","https://www.dh-jac.net/db/nishikie/results-big.php?f1[]= arcUY0016","https://www.arc.ritsumei.ac.jp/archive01/theater/th_image/PB/arc/Prints/arcUY/arcUY0016.jpg","https://www.arc.ritsumei.ac.jp/archive01/theater/image/PB/arc/Prints/arcUY/arcUY0016.jpg",1830
"132",0.875,31.4553829526822,27.4446783867664,-28.1895235204365,25.1528472062431,"arcUY0019","arcUY0019","「桃ノ井若狭之介」","","桃ノ井若狭之介〈5〉市川　海老蔵","－","なし","中判/錦絵","横","－","無款","－",1853,"嘉永０６","大坂","角","仮名手本忠臣蔵","かなでほんちゅうしんぐら","","","仮名手本忠臣蔵","上方絵、忠臣蔵","立命館ARC","","https://www.dh-jac.net/db/nishikie/results-big.php?f1[]= arcUY0019","https://www.arc.ritsumei.ac.jp/archive01/theater/th_image/PB/arc/Prints/arcUY/arcUY0019.jpg","https://www.arc.ritsumei.ac.jp/archive01/theater/image/PB/arc/Prints/arcUY/arcUY0019.jpg",1853
"133",0.975,-25.0955514267301,12.2612968157996,17.1887338539247,15.0114942324276,"arcUY0071","arcUY0071","「せつた直し長五郎」","","せつた直し長五郎〈1〉坂東　亀蔵","文、辻岡屋","辻岡屋　文助","大判/錦絵","横","豊国画(年玉枠)","豊国〈3〉","辰三、改",1856,"安政０３","江戸","市村","夢結蝶鳥追","ゆめむすぶちょうにとりおい","","","鶴松扇曽我","役者絵","立命館ARC","","https://www.dh-jac.net/db/nishikie/results-big.php?f1[]= arcUY0071","https://www.arc.ritsumei.ac.jp/archive01/theater/th_image/PB/arc/Prints/arcUY/arcUY0071.jpg","https://www.arc.ritsumei.ac.jp/archive01/theater/image/PB/arc/Prints/arcUY/arcUY0071.jpg",1856
"134",0.875,-26.6425374735833,22.0015793330236,19.1367903573695,24.1788189545207,"arcUY0077","arcUY0077","「股たび伝内」","","股たび伝内〈1〉中山市蔵","久","山本屋　平吉","大判/錦絵","横","豊国画(年玉枠)","豊国〈3〉","福、村松、丑六",1853,"嘉永０６","江戸","中村","花埜嵯峨猫魔稿","はなののさがねこまたぞうし","","","花埜嵯峨猫魔稿","役者絵","立命館ARC","","https://www.dh-jac.net/db/nishikie/results-big.php?f1[]= arcUY0077","https://www.arc.ritsumei.ac.jp/archive01/theater/th_image/PB/arc/Prints/arcUY/arcUY0077.jpg","https://www.arc.ritsumei.ac.jp/archive01/theater/image/PB/arc/Prints/arcUY/arcUY0077.jpg",1853
"135",0.925,47.4409054368322,19.0221987983433,-32.0856365273261,16.0428182636631,"arcUY0103","arcUY0103","「此村大炊の助実ハ大明の宋蘇卿　関三十郎」","","此村大炊の助実ハ大明の宋蘇卿〈2〉関　三十郎","大","上州屋　金蔵","大判/錦絵","横","五渡亭国貞画","国貞〈1〉","極",1831,"天保０２","江戸","市村","楼門五山桐","さんもんごさんのきり","","","楼門五山桐","役者絵","立命館ARC","","https://www.dh-jac.net/db/nishikie/results-big.php?f1[]= arcUY0103","https://www.arc.ritsumei.ac.jp/archive01/theater/th_image/PB/arc/Prints/arcUY/arcUY0103.jpg","https://www.arc.ritsumei.ac.jp/archive01/theater/image/PB/arc/Prints/arcUY/arcUY0103.jpg",1831
"136",0.825,41.1956654699062,28.4760024180019,-33.8045099127186,27.9603404023842,"arcUY0125","arcUY0125","「一文字や才兵へ　坂東三津五郎」","","一文字や才兵衛〈4〉坂東　三津五郎","久","山本　平吉","大判/錦絵","横","五渡亭国貞画","国貞〈1〉","極",1835,"天保０６","江戸","森田","仮名手本忠臣蔵","かなでほんちゅうしんぐら","","","仮名手本忠臣蔵","忠臣蔵","立命館ARC","","https://www.dh-jac.net/db/nishikie/results-big.php?f1[]= arcUY0125","https://www.arc.ritsumei.ac.jp/archive01/theater/th_image/PB/arc/Prints/arcUY/arcUY0125.jpg","https://www.arc.ritsumei.ac.jp/archive01/theater/image/PB/arc/Prints/arcUY/arcUY0125.jpg",1835
"137",0.875,26.0122838989394,-13.6363955241136,-2.5783100780887,3.95340878640268,"arcUY0150","arcUY0150","「八犬伝犬の草紙乃内」「房八女房おぬい」","","房八女房おぬい〈2〉尾上　菊次郎","－","蔦屋　吉蔵","大判/錦絵","横","国貞画(年玉枠)","国貞〈2〉","村松、福、子十",1852,"嘉永０５","江戸","(見立)","","","","","","八犬伝","立命館ARC","","https://www.dh-jac.net/db/nishikie/results-big.php?f1[]= arcUY0150","https://www.arc.ritsumei.ac.jp/archive01/theater/th_image/PB/arc/Prints/arcUY/arcUY0150.jpg","https://www.arc.ritsumei.ac.jp/archive01/theater/image/PB/arc/Prints/arcUY/arcUY0150.jpg",1852
"138",0.875,-43.9458628865341,12.3185925953127,32.1429323068392,18.6784241212648,"arcUY0152","arcUY0152","「夢の市郎兵衛」","","夢の市郎兵衛〈5〉坂東　彦三郎","イセ芳","伊勢芳","大判/錦絵","横","豊国画(年玉枠)","豊国〈3〉","未六改",1859,"安政０６","江戸","(見立)","","","","","","役者絵","立命館ARC","","https://www.dh-jac.net/db/nishikie/results-big.php?f1[]= arcUY0152","https://www.arc.ritsumei.ac.jp/archive01/theater/th_image/PB/arc/Prints/arcUY/arcUY0152.jpg","https://www.arc.ritsumei.ac.jp/archive01/theater/image/PB/arc/Prints/arcUY/arcUY0152.jpg",1859
"139",0.875,-36.6692988883727,23.3766780413376,29.3354391106981,26.9863121506618,"arcUY0153","arcUY0153","「かくれ家の茂兵衛」","","かくれ家の茂兵衛〈4.5〉尾上　梅幸","イセ芳","伊勢芳","大判/錦絵","横","豊国画(年玉枠)","豊国〈3〉","未六改",1859,"安政０６","江戸","(見立)","","","","","","役者絵","立命館ARC","","https://www.dh-jac.net/db/nishikie/results-big.php?f1[]= arcUY0153","https://www.arc.ritsumei.ac.jp/archive01/theater/th_image/PB/arc/Prints/arcUY/arcUY0153.jpg","https://www.arc.ritsumei.ac.jp/archive01/theater/image/PB/arc/Prints/arcUY/arcUY0153.jpg",1859
"140",0.925,39.7059752025661,32.5440027634308,-29.3354391106981,31.2261998346299,"arcUY0155","arcUY0155","「湯島ノ三吉」","","湯島ノ三吉〈3〉市川　市蔵","イセ芳","伊勢芳","大判/錦絵","横","豊国画(年玉枠)","豊国〈3〉","未五改",1859,"安政０６","江戸","(見立)","","","","","","役者絵","立命館ARC","","https://www.dh-jac.net/db/nishikie/results-big.php?f1[]= arcUY0155","https://www.arc.ritsumei.ac.jp/archive01/theater/th_image/PB/arc/Prints/arcUY/arcUY0155.jpg","https://www.arc.ritsumei.ac.jp/archive01/theater/image/PB/arc/Prints/arcUY/arcUY0155.jpg",1859
"141",0.875,42.3988768396809,32.6585943224569,-29.1635517721589,32.0856365273261,"arcUY0156","arcUY0156","「御誂三段ぼかし」「浮世伊之助」","","浮世伊之助〈3〉岩井　粂三郎","イセ芳","伊勢芳","大判/錦絵","横","豊国画(年玉枠)","豊国〈3〉","未五改",1859,"安政０６","江戸","(見立)","","","","","","役者絵","立命館ARC","","https://www.dh-jac.net/db/nishikie/results-big.php?f1[]= arcUY0156","https://www.arc.ritsumei.ac.jp/archive01/theater/th_image/PB/arc/Prints/arcUY/arcUY0156.jpg","https://www.arc.ritsumei.ac.jp/archive01/theater/image/PB/arc/Prints/arcUY/arcUY0156.jpg",1859
"142",0.875,33.2315521175877,35.8098621956765,-20.5691848451966,30.5386504804729,"arcUY0157","arcUY0157","「鹿の子勘兵衛」","","鹿の子勘兵衛〈8〉片岡　仁左衛門","イセ芳","伊勢芳","大判/錦絵","横","豊国画(年玉枠)","豊国〈3〉","未六改",1859,"安政０６","江戸","(見立)","","","","","","役者絵","立命館ARC","","https://www.dh-jac.net/db/nishikie/results-big.php?f1[]= arcUY0157","https://www.arc.ritsumei.ac.jp/archive01/theater/th_image/PB/arc/Prints/arcUY/arcUY0157.jpg","https://www.arc.ritsumei.ac.jp/archive01/theater/image/PB/arc/Prints/arcUY/arcUY0157.jpg",1859
"143",0.075,-38.6173553918175,11.860226359208,30.9397209370645,8.53707114744927,"arcUY0160","arcUY0160","「関東小六」","","関東小六〈4〉尾上　菊五郎","イセ芳","伊勢芳","大判/錦絵","横","豊国画(年玉枠)","豊国〈3〉","未六改",1859,"安政０６","江戸","(見立)","","","","","","役者絵","立命館ARC","","https://www.dh-jac.net/db/nishikie/results-big.php?f1[]= arcUY0160","https://www.arc.ritsumei.ac.jp/archive01/theater/th_image/PB/arc/Prints/arcUY/arcUY0160.jpg","https://www.arc.ritsumei.ac.jp/archive01/theater/image/PB/arc/Prints/arcUY/arcUY0160.jpg",1859
"144",0.875,20.168114388605,34.7212423849279,-13.0061419494697,32.0856365273261,"arcUY0165","arcUY0165","「座頭波市実ハ玄界灘右衛門」","","座頭波市実ハ玄海灘右衛門〈3〉嵐　璃寛","文、辻岡屋","辻岡屋　文助","大判/錦絵","横","豊国画(年玉枠)","豊国〈3〉","丑四、村田、衣笠",1853,"嘉永０６","江戸","河原崎","しらぬひ譚","しらぬいものがたり","","","しらぬひ譚","役者絵","立命館ARC","","https://www.dh-jac.net/db/nishikie/results-big.php?f1[]= arcUY0165","https://www.arc.ritsumei.ac.jp/archive01/theater/th_image/PB/arc/Prints/arcUY/arcUY0165.jpg","https://www.arc.ritsumei.ac.jp/archive01/theater/image/PB/arc/Prints/arcUY/arcUY0165.jpg",1853
"145",0.675,23.4339738208507,44.1750460045865,-19.9389312705526,40.33622877721,"arcUY0185","arcUY0185","「つち屋梅川」","","つち屋梅川〈4〉尾上　梅幸","て","","大判/錦絵","横","一勇斎国芳画(芳桐印)","国芳","－",1848,"嘉永０１","江戸","中村","金幣長者将","きんのざいちょうじゃのゆみとり","道行故郷の陽雨","みちゆきこきょうのはるさめ","金幣長者将","役者絵","立命館ARC","","https://www.dh-jac.net/db/nishikie/results-big.php?f1[]= arcUY0185","https://www.arc.ritsumei.ac.jp/archive01/theater/th_image/PB/arc/Prints/arcUY/arcUY0185.jpg","https://www.arc.ritsumei.ac.jp/archive01/theater/image/PB/arc/Prints/arcUY/arcUY0185.jpg",1848
"146",0.975,27.0436079301749,49.1597788222246,-20.6264806247096,40.6227076747754,"arcUY0202","arcUY0202","「中村芝翫九変化ノ内」","","契情〈2〉中村　芝翫","久","山本　平吉","大判/錦絵","横","五渡亭国貞画","国貞〈1〉","極",1833,"天保０４","江戸","中村","桜時花吉原","さくらどきはなのよしわら","興九重弥生花道","きょうここのえやよいのはなみち","桜時花吉原","役者絵","立命館ARC","","https://www.dh-jac.net/db/nishikie/results-big.php?f1[]= arcUY0202","https://www.arc.ritsumei.ac.jp/archive01/theater/th_image/PB/arc/Prints/arcUY/arcUY0202.jpg","https://www.arc.ritsumei.ac.jp/archive01/theater/image/PB/arc/Prints/arcUY/arcUY0202.jpg",1833
"147",0.025,-69.5570763288819,-9.68298673771091,31.2261998346299,-6.24523996692597,"arcUY0202","arcUY0202","「中村芝翫九変化ノ内」","","契情〈2〉中村　芝翫","久","山本　平吉","大判/錦絵","横","五渡亭国貞画","国貞〈1〉","極",1833,"天保０４","江戸","中村","桜時花吉原","さくらどきはなのよしわら","興九重弥生花道","きょうここのえやよいのはなみち","桜時花吉原","役者絵","立命館ARC","","https://www.dh-jac.net/db/nishikie/results-big.php?f1[]= arcUY0202","https://www.arc.ritsumei.ac.jp/archive01/theater/th_image/PB/arc/Prints/arcUY/arcUY0202.jpg","https://www.arc.ritsumei.ac.jp/archive01/theater/image/PB/arc/Prints/arcUY/arcUY0202.jpg",1833
"148",0.025,77.292006563148,-28.6478897565412,-53.1131876086273,24.6944809701385,"arcUY0212","arcUY0212","「幡すい長兵衛　市川海老蔵」","","幡すい長兵衛〈5〉市川　海老蔵","吉、両国加々や","加賀屋　吉右衛門","大判/錦絵","横","五渡亭国貞画","国貞〈1〉","極",1838,"天保０９","江戸","市村","御摂手向花川戸","ごひいきたむけのはなかわど","","","恋灘根曳☆","役者絵","立命館ARC","","https://www.dh-jac.net/db/nishikie/results-big.php?f1[]= arcUY0212","https://www.arc.ritsumei.ac.jp/archive01/theater/th_image/PB/arc/Prints/arcUY/arcUY0212.jpg","https://www.arc.ritsumei.ac.jp/archive01/theater/image/PB/arc/Prints/arcUY/arcUY0212.jpg",1838
"149",0.925,-52.8267087110619,51.3943142232348,37.3568482425297,36.9557777859381,"arcUY0212","arcUY0212","「幡すい長兵衛　市川海老蔵」","","幡すい長兵衛〈5〉市川　海老蔵","吉、両国加々や","加賀屋　吉右衛門","大判/錦絵","横","五渡亭国貞画","国貞〈1〉","極",1838,"天保０９","江戸","市村","御摂手向花川戸","ごひいきたむけのはなかわど","","","恋灘根曳☆","役者絵","立命館ARC","","https://www.dh-jac.net/db/nishikie/results-big.php?f1[]= arcUY0212","https://www.arc.ritsumei.ac.jp/archive01/theater/th_image/PB/arc/Prints/arcUY/arcUY0212.jpg","https://www.arc.ritsumei.ac.jp/archive01/theater/image/PB/arc/Prints/arcUY/arcUY0212.jpg",1838
"150",0.825,48.70141258612,4.92743703812508,-32.3721154248915,13.5218039650874,"arcUY0218","arcUY0218","「天保四年九月名残狂言」「白太夫　中村芝翫」","","白太夫〈2〉中村　芝翫","四ツ谷大国屋","大黒屋　伊三郎","大判/錦絵","横","一勇斎国芳画","国芳画","極",1833,"天保０４","江戸","中村","手向山紅葉御幣","たむけやまもみじのみてぐら","","","手向山紅葉御幣","菅原","立命館ARC","","https://www.dh-jac.net/db/nishikie/results-big.php?f1[]= arcUY0218","https://www.arc.ritsumei.ac.jp/archive01/theater/th_image/PB/arc/Prints/arcUY/arcUY0218.jpg","https://www.arc.ritsumei.ac.jp/archive01/theater/image/PB/arc/Prints/arcUY/arcUY0218.jpg",1833
"151",0.825,24.5798894111123,35.466087518598,-14.5531279963229,27.3300868277403,"arcUY0224","arcUY0224","「織姫繻子緑色糸」「官女白瀧　市川左団次」","","官女白織〈2〉市川　左団次","－","福田　熊次郎","大判/錦絵","横","豊原国周筆","国周","－",1894,"明治２７","東京","明治","花菖蒲慶安実記","はなしょうぶけいあんじっき","織姫繻子縁色糸","おりひめしゅすえにしのいろいと","甲州流武田幕張","役者絵","立命館ARC","","https://www.dh-jac.net/db/nishikie/results-big.php?f1[]= arcUY0224","https://www.arc.ritsumei.ac.jp/archive01/theater/th_image/PB/arc/Prints/arcUY/arcUY0224.jpg","https://www.arc.ritsumei.ac.jp/archive01/theater/image/PB/arc/Prints/arcUY/arcUY0224.jpg",1894
"152",0.875,26.6425374735833,32.7731858814831,-17.8189874285686,28.7624813155673,"arcUY0327","arcUY0327","「宗さだ」","","","佐野喜","佐野屋　喜兵衛","大判/錦絵","横","応需 香蝶楼国貞画","国貞〈1〉","－",1830,"天保０１","","(見立)","","","","","","関の扉","立命館ARC","","https://www.dh-jac.net/db/nishikie/results-big.php?f1[]= arcUY0327","https://www.arc.ritsumei.ac.jp/archive01/theater/th_image/PB/arc/Prints/arcUY/arcUY0327.jpg","https://www.arc.ritsumei.ac.jp/archive01/theater/image/PB/arc/Prints/arcUY/arcUY0327.jpg",1830
"153",0.875,21.543213096919,14.0947617602183,-10.5997192099202,16.1574098226892,"arcUY0351","arcUY0351","「三七郎信孝　市村羽左衛門」","","三七郎信孝〈15〉市村　羽左衛門","－","福田　初次郎","大判/錦絵","横","－","豊斎","－",1904,"明治３７","東京","歌舞伎","三千両初春蔵入","さんぜんりょうしょはるのくらいり","","","忠孝梅金沢","馬切","立命館ARC","","https://www.dh-jac.net/db/nishikie/results-big.php?f1[]= arcUY0351","https://www.arc.ritsumei.ac.jp/archive01/theater/th_image/PB/arc/Prints/arcUY/arcUY0351.jpg","https://www.arc.ritsumei.ac.jp/archive01/theater/image/PB/arc/Prints/arcUY/arcUY0351.jpg",1904
"154",0.875,28.4187066384888,22.3453540101021,-23.0329033642591,23.2047907027983,"arcUY0359","arcUY0359","「大日坊改天日坊」","","大日坊改天日坊〈4〉中村　歌右衛門","清水屋","清水3ヵ","大判/錦絵","横","一勇斎国芳画","国芳","浜、馬込",1849,"嘉永０２","江戸","市村","詞花紅成盛","ことばのはなもみじのよざかり","","","詞花紅成盛","役者絵","立命館ARC","","https://www.dh-jac.net/db/nishikie/results-big.php?f1[]= arcUY0359","https://www.arc.ritsumei.ac.jp/archive01/theater/th_image/PB/arc/Prints/arcUY/arcUY0359.jpg","https://www.arc.ritsumei.ac.jp/archive01/theater/image/PB/arc/Prints/arcUY/arcUY0359.jpg",1849
